{                                                                                                                                                                                                                                                              
  "name": "kae_test2",                                                                                                                                                                                                                                         
  "version": "0.0.1",                                                                                                                                                                                                                                          
  "description": "",                                                                                                                                                                                                                                           
  "private": true,                                                                                                                                                                                                                                             
  "devDependencies": {                                                                                                                                                                                                                                         
    "@ui5/cli": "1.7.0",                                                                                                                                                                                                                                       
    "@sap/ui5-builder-webide-extension": "1.0.9"                                                                                                                                                                                                               
  },                                                                                                                                                                                                                                                           
  "scripts": {                                                                                                                                                                                                                                                 
    "build": "ui5 build --include-task=generateManifestBundle generateCachebusterInfo"                                                                                                                                                                         
  },                                                                                                                                                                                                                                                           
  "ui5": {                                                                                                                                                                                                                                                     
    "dependencies": [                                                                                                                                                                                                                                          
      "@sap/ui5-builder-webide-extension"                                                                                                                                                                                                                      
    ]                                                                                                                                                                                                                                                          
  }                                                                                                                                                                                                                                                            
}                                                                                                                                                                                                                                                              