﻿<?xml version="1.0" encoding="utf-8"?>
<abapGit version="v1.0.0" serializer="LCL_OBJECT_SICF" serializer_version="v1.0.0">
 <asx:abap xmlns:asx="http://www.sap.com/abapxml" version="1.0">
  <asx:values>
   <URL>/sap/bc/ui5_ui5/sap/zwa_ls_ws_04/</URL>
   <ICFSERVICE>
    <ICF_NAME>ZWA_LS_WS_04</ICF_NAME>
    <ORIG_NAME>zwa_ls_ws_04</ORIG_NAME>
   </ICFSERVICE>
   <ICFDOCU>
    <ICF_NAME>ZWA_LS_WS_04</ICF_NAME>
    <ICF_LANGU>E</ICF_LANGU>
    <ICF_DOCU>full ui5 example consuming odata</ICF_DOCU>
   </ICFDOCU>
  </asx:values>
 </asx:abap>
</abapGit>
