{"type":"sap.web","builders":{"configs":{}},"runners":{"configs":{}},"attributes":{"sap.watt.common.setting":["{\"projectType\":[\"sap.watt.uitools.ide.web\",\"sap.watt.uitools.ide.fiori\"],\"generation\":[{\"templateId\":\"ui5template.basicSAPUI5Applica+
tionProjectCommon\",\"templateVersion\":\"1.32.0\",\"dateTimeStamp\":\"Wed, 29 Jan 2020 19:07:34 GMT\"},{\"templateId\":\"ui5template.basicSAPUI5ApplicationProject\",\"templateVersion\":\"1.40.12\",\"dateTimeStamp\":\"Wed, 29 Jan 2020 19:07:38 GMT\"},{\"+
templateId\":\"testGenerationWizard.createteststructure\",\"templateVersion\":\"1.1.0\",\"dateTimeStamp\":\"Wed, 29 Jan 2020 19:07:48 GMT\"},{\"templateId\":\"servicecatalog.connectivityComponentForManifest\",\"templateVersion\":\"0.0.0\",\"dateTimeStamp+
\":\"Fri, 31 Jan 2020 14:19:39 GMT\"}],\"build\":{\"targetFolder\":\"dist\",\"sourceFolder\":\"webapp\"},\"translation\":{\"translationDomain\":\"\",\"supportedLanguages\":\"en,fr,de\",\"defaultLanguage\":\"en\",\"defaultI18NPropertyFile\":\"i18n.propert+
ies\",\"resourceModelName\":\"i18n\"},\"basevalidator\":{\"services\":{\"json\":\"jsonValidator\",\"xml\":\"fioriXmlAnalysis\",\"js\":\"fioriJsValidator\"}},\"codeCheckingTriggers\":{\"notifyBeforePush\":false,\"notifyBeforePushLevel\":\"Error\",\"blockP+
ush\":false,\"blockPushLevel\":\"Error\"},\"mockpreview\":{\"mockUri\":\"/sap/opu/odata/sap/ZSTC_WORKSHOP_02_SRV\",\"metadataFilePath\":\"\",\"loadJSONFiles\":false,\"loadCustomRequests\":false,\"mockRequestsFilePath\":\"\"}}"]},"mixinTypes":[]}          