<edmx:Edmx xmlns:edmx="http://schemas.microsoft.com/ado/2007/06/edmx"                                                                                                                                                                                          
	xmlns:m="http://schemas.microsoft.com/ado/2007/08/dataservices/metadata" xmlns:sap="http://www.sap.com/Protocols/SAPData" Version="1.0">                                                                                                                      
	<edmx:DataServices m:DataServiceVersion="2.0">                                                                                                                                                                                                                
		<Schema xmlns="http://schemas.microsoft.com/ado/2008/09/edm" Namespace="ZSTC_WORKSHOP_01_SRV" xml:lang="de" sap:schema-version="1">                                                                                                                          
			<EntityType Name="SPFLI" sap:content-version="1">                                                                                                                                                                                                           
				<Key><PropertyRef Name="Carrid"/><PropertyRef Name="Connid"/></Key><Property Name="Carrid" Type="Edm.String" Nullable="false" MaxLength="3" sap:unicode="false" sap:label="Fluggesellschaft"                                                               
					sap:creatable="false" sap:updatable="false" sap:sortable="false" sap:filterable="false"/><Property Name="Connid" Type="Edm.String" Nullable="false" MaxLength="4" sap:unicode="false" sap:label="Flugnummer" sap:creatable="false"                        
					sap:updatable="false" sap:sortable="false" sap:filterable="false"/><Property Name="Countryfr" Type="Edm.String" Nullable="false" MaxLength="3" sap:unicode="false" sap:label="Land" sap:creatable="false"                                                 
					sap:updatable="false" sap:sortable="false" sap:filterable="false"/><Property Name="Cityfrom" Type="Edm.String" Nullable="false" MaxLength="20" sap:unicode="false" sap:label="Abflugstadt"                                                                
					sap:creatable="false" sap:updatable="false" sap:sortable="false" sap:filterable="false"/><Property Name="Airpfrom" Type="Edm.String" Nullable="false" MaxLength="3" sap:unicode="false" sap:label="Startflugh." sap:creatable="false"                     
					sap:updatable="false" sap:sortable="false" sap:filterable="false"/><Property Name="Countryto" Type="Edm.String" Nullable="false" MaxLength="3" sap:unicode="false" sap:label="Land" sap:creatable="false"                                                 
					sap:updatable="false" sap:sortable="false" sap:filterable="false"/><Property Name="Cityto" Type="Edm.String" Nullable="false" MaxLength="20" sap:unicode="false" sap:label="Ankunftstadt" sap:creatable="false"                                           
					sap:updatable="false" sap:sortable="false" sap:filterable="false"/><Property Name="Airpto" Type="Edm.String" Nullable="false" MaxLength="3" sap:unicode="false" sap:label="Zielflugh." sap:creatable="false"                                              
					sap:updatable="false" sap:sortable="false" sap:filterable="false"/><Property Name="Deptime" Type="Edm.Time" Nullable="false" Precision="0" sap:unicode="false" sap:label="Abflug" sap:creatable="false"                                                   
					sap:updatable="false" sap:sortable="false" sap:filterable="false"/><Property Name="Arrtime" Type="Edm.Time" Nullable="false" Precision="0" sap:unicode="false" sap:label="Ankunftszeit" sap:creatable="false"                                             
					sap:updatable="false" sap:sortable="false" sap:filterable="false"/><Property Name="Distance" Type="Edm.Decimal" Nullable="false" Precision="9" Scale="4" sap:unicode="false" sap:unit="Distid"                                                            
					sap:label="Entfernung" sap:creatable="false" sap:updatable="false" sap:sortable="false" sap:filterable="false"/><Property Name="Distid" Type="Edm.String" Nullable="false" MaxLength="3" sap:unicode="false" sap:label="Entfernung in" sap:creatable="fal+
se"                                                                                                                                                                                                                                                            
					sap:updatable="false" sap:sortable="false" sap:filterable="false" sap:semantics="unit-of-measure"/><Property Name="Fltype" Type="Edm.String" Nullable="false" MaxLength="1" sap:unicode="false" sap:label="Charter" sap:creatable="false"                 
					sap:updatable="false" sap:sortable="false" sap:filterable="false"/><Property Name="Period" Type="Edm.Byte" Nullable="false" sap:unicode="false" sap:label="n Tag(e) später" sap:creatable="false"                                                         
					sap:updatable="false" sap:sortable="false" sap:filterable="false"/></EntityType>                                                                                                                                                                          
			<EntityContainer Name="ZSTC_WORKSHOP_01_SRV_Entities" m:IsDefaultEntityContainer="true" sap:supported-formats="atom json xlsx"><EntitySet Name="SPFLISet" EntityType="ZSTC_WORKSHOP_01_SRV.SPFLI" sap:creatable="false" sap:updatable="false" sap:deletable+
="false"                                                                                                                                                                                                                                                       
				sap:pageable="false" sap:content-version="1"/></EntityContainer><atom:link xmlns:atom="http://www.w3.org/2005/Atom" rel="self" href="./sap/ZSTC_WORKSHOP_01_SRV/$metadata"/><atom:link xmlns:atom="http://www.w3.org/2005/Atom" rel="latest-version" href=+
"./sap/ZSTC_WORKSHOP_01_SRV/$metadata"/></Schema>                                                                                                                                                                                                              
	</edmx:DataServices>                                                                                                                                                                                                                                          
</edmx:Edmx>                                                                                                                                                                                                                                                   