<mvc:View controllerName="kae_test2.kae_test2.controller.View1" xmlns:mvc="sap.ui.core.mvc" displayBlock="true" xmlns="sap.m">                                                                                                                                 
	<Shell id="shell">                                                                                                                                                                                                                                            
		<App id="app">                                                                                                                                                                                                                                               
			<Page title="{i18n>title}">                                                                                                                                                                                                                                 
				<Text text="Werk:" id="text1" class="sapUiTinyMarginEnd sapUiSmallMarginTop"/>                                                                                                                                                                             
				<TextArea value="1234" id="text2" editable="false" rows="1"/>                                                                                                                                                                                              
				<Text text="User:" id="text3" class="sapUiTinyMarginEnd sapUiSmallMarginTop"/>                                                                                                                                                                             
				<TextArea value="Schmidt" id="text4" editable="false" rows="1"/>                                                                                                                                                                                           
				<Text text="Letzte Aktualisierung:" class="sapUiTinyMarginEnd sapUiSmallMarginTop" id="text5"/>                                                                                                                                                            
				<TextArea value="10:25:07" rows="1" id="text6" editable="false" textAlign="Center"/>                                                                                                                                                                       
				<Button icon="sap-icon://synchronize" id="buttonRefresh" press="onPressButtonRefresh" text="Aktualisieren"/>                                                                                                                                               
				<Button icon="sap-icon://log" text="Abmelden" id="buttonLogout" press="onPressButtonLogout"/>                                                                                                                                                              
				<Table noDataText="Keine Daten vorhanden" items="{flights>/Flights}" id="table0" class="sapUiForceWidthAuto sapUiResponsiveMargin">                                                                                                                        
					<columns>                                                                                                                                                                                                                                                 
						<Column id="column0" class="sapMTableContentMargin">                                                                                                                                                                                                     
							<header>                                                                                                                                                                                                                                                
								<Label text="Carrid" design="Bold"/>                                                                                                                                                                                                                   
							</header>                                                                                                                                                                                                                                               
						</Column>                                                                                                                                                                                                                                                
						<Column id="column1" class="sapMTableContentMargin">                                                                                                                                                                                                     
							<header>                                                                                                                                                                                                                                                
								<Label text="Connid" id="label1" design="Bold"/>                                                                                                                                                                                                       
							</header>                                                                                                                                                                                                                                               
						</Column>                                                                                                                                                                                                                                                
						<Column id="column2" class="sapMTableContentMargin">                                                                                                                                                                                                     
							<header>                                                                                                                                                                                                                                                
								<Label text="Countryfr" id="label2" design="Bold"/>                                                                                                                                                                                                    
							</header>                                                                                                                                                                                                                                               
						</Column>                                                                                                                                                                                                                                                
						<Column id="column3" class="sapMTableContentMargin">                                                                                                                                                                                                     
							<header>                                                                                                                                                                                                                                                
								<Label text="Cityfr" id="label3" design="Bold"/>                                                                                                                                                                                                       
							</header>                                                                                                                                                                                                                                               
						</Column>                                                                                                                                                                                                                                                
						<Column id="column4" class="sapMTableContentMargin">                                                                                                                                                                                                     
							<header>                                                                                                                                                                                                                                                
								<Label text="Airfr" id="label4" design="Bold"/>                                                                                                                                                                                                        
							</header>                                                                                                                                                                                                                                               
						</Column>                                                                                                                                                                                                                                                
					</columns>                                                                                                                                                                                                                                                
					<items>                                                                                                                                                                                                                                                   
						<ColumnListItem press="onPressPost" type="Active">                                                                                                                                                                                                       
							<cells>                                                                                                                                                                                                                                                 
								<ObjectIdentifier text="{flights>Carrid}"/>                                                                                                                                                                                                            
								<ObjectIdentifier text="{flights>Connid}"/>                                                                                                                                                                                                            
								<ObjectIdentifier text="{flights>Countryfr}"/>                                                                                                                                                                                                         
								<ObjectIdentifier text="{flights>Cityfr}"/>                                                                                                                                                                                                            
								<ObjectIdentifier text="{flights>Airfrom}"/>                                                                                                                                                                                                           
								<Icon xmlns="sap.ui.core" src="sap-icon://warning2" decorative="true" size="30px" color="#f9ca3a"/>                                                                                                                                                    
							</cells>                                                                                                                                                                                                                                                
						</ColumnListItem>                                                                                                                                                                                                                                        
					</items>                                                                                                                                                                                                                                                  
				</Table>                                                                                                                                                                                                                                                   
			</Page>                                                                                                                                                                                                                                                     
		</App>                                                                                                                                                                                                                                                       
	</Shell>                                                                                                                                                                                                                                                      
</mvc:View>                                                                                                                                                                                                                                                    