{                                                                                                                                                                                                                                                              
	"Bestand": [{                                                                                                                                                                                                                                                 
		"Lagerort": "B1H2",                                                                                                                                                                                                                                          
		"Lagerplatz": "0100",                                                                                                                                                                                                                                        
		"Material": "026499375",                                                                                                                                                                                                                                     
		"Beschreibung": "Holz, weiß",                                                                                                                                                                                                                                
		"Menge": "5",                                                                                                                                                                                                                                                
		"Einheit": "ST",                                                                                                                                                                                                                                             
		"HU": "123456789",                                                                                                                                                                                                                                           
		"Status": false                                                                                                                                                                                                                                              
	}, {                                                                                                                                                                                                                                                          
		"Lagerort": "B1H1",                                                                                                                                                                                                                                          
		"Lagerplatz": "0200",                                                                                                                                                                                                                                        
		"Material": "016492648",                                                                                                                                                                                                                                     
		"Beschreibung": "Aluminium, grau",                                                                                                                                                                                                                           
		"Menge": "7",                                                                                                                                                                                                                                                
		"Einheit": "ST",                                                                                                                                                                                                                                             
		"HU": "987654321",                                                                                                                                                                                                                                           
		"Status": false                                                                                                                                                                                                                                              
	}, {                                                                                                                                                                                                                                                          
		"Lagerort": "C2G1",                                                                                                                                                                                                                                          
		"Lagerplatz": "0300",                                                                                                                                                                                                                                        
		"Material": "048264927",                                                                                                                                                                                                                                     
		"Beschreibung": "PVC, schwarz",                                                                                                                                                                                                                              
		"Menge": "9",                                                                                                                                                                                                                                                
		"Einheit": "ST",                                                                                                                                                                                                                                             
		"HU": "123123123",                                                                                                                                                                                                                                           
		"Status": false                                                                                                                                                                                                                                              
	}, {                                                                                                                                                                                                                                                          
		"Lagerort": "H3B2",                                                                                                                                                                                                                                          
		"Lagerplatz": "0400",                                                                                                                                                                                                                                        
		"Material": "027492749",                                                                                                                                                                                                                                     
		"Beschreibung": "PVC, weiß",                                                                                                                                                                                                                                 
		"Menge": "1",                                                                                                                                                                                                                                                
		"Einheit": "ST",                                                                                                                                                                                                                                             
		"HU": "777555222",                                                                                                                                                                                                                                           
		"Status": false                                                                                                                                                                                                                                              
	}, {                                                                                                                                                                                                                                                          
		"Lagerort": "L4H5",                                                                                                                                                                                                                                          
		"Lagerplatz": "0500",                                                                                                                                                                                                                                        
		"Material": "016730174",                                                                                                                                                                                                                                     
		"Beschreibung": "Holz, braun",                                                                                                                                                                                                                               
		"Menge": "17",                                                                                                                                                                                                                                               
		"Einheit": "ST",                                                                                                                                                                                                                                             
		"HU": "111222111",                                                                                                                                                                                                                                           
		"Status": false                                                                                                                                                                                                                                              
	}, {                                                                                                                                                                                                                                                          
		"Lagerort": "D8W7",                                                                                                                                                                                                                                          
		"Lagerplatz": "0600",                                                                                                                                                                                                                                        
		"Material": "064926485",                                                                                                                                                                                                                                     
		"Beschreibung": "Holz, weiß",                                                                                                                                                                                                                                
		"Menge": "23",                                                                                                                                                                                                                                               
		"Einheit": "ST",                                                                                                                                                                                                                                             
		"HU": "444444444",                                                                                                                                                                                                                                           
		"Status": false                                                                                                                                                                                                                                              
	}, {                                                                                                                                                                                                                                                          
		"Lagerort": "L2C7",                                                                                                                                                                                                                                          
		"Lagerplatz": "0700",                                                                                                                                                                                                                                        
		"Material": "037502647",                                                                                                                                                                                                                                     
		"Beschreibung": "Aluminium, grau",                                                                                                                                                                                                                           
		"Menge": "8",                                                                                                                                                                                                                                                
		"Einheit": "ST",                                                                                                                                                                                                                                             
		"HU": "010101010",                                                                                                                                                                                                                                           
		"Status": false                                                                                                                                                                                                                                              
	}]                                                                                                                                                                                                                                                            
}                                                                                                                                                                                                                                                              
                                                                                                                                                                                                                                                               