﻿<?xml version="1.0" encoding="utf-8"?>
<abapGit version="v1.0.0" serializer="LCL_OBJECT_WAPA" serializer_version="v1.0.0">
 <asx:abap xmlns:asx="http://www.sap.com/abapxml" version="1.0">
  <asx:values>
   <ATTRIBUTES>
    <APPLNAME>ZWA_LS_WS_04</APPLNAME>
    <APPLCLAS>/UI5/CL_UI5_BSP_APPLICATION</APPLCLAS>
    <APPLEXT>ZWA_LS_WS_04</APPLEXT>
    <SECURITY>X</SECURITY>
    <ORIGLANG>E</ORIGLANG>
    <MODIFLANG>E</MODIFLANG>
    <TEXT>full ui5 example consuming odata</TEXT>
   </ATTRIBUTES>
   <PAGES>
    <item>
     <ATTRIBUTES>
      <APPLNAME>ZWA_LS_WS_04</APPLNAME>
      <PAGEKEY>.CHE/PROJECT.JSON</PAGEKEY>
      <PAGENAME>.che/project.json</PAGENAME>
      <PAGETYPE>X</PAGETYPE>
      <LAYOUTLANGU>E</LAYOUTLANGU>
      <VERSION>A</VERSION>
      <LANGU>E</LANGU>
     </ATTRIBUTES>
    </item>
    <item>
     <ATTRIBUTES>
      <APPLNAME>ZWA_LS_WS_04</APPLNAME>
      <PAGEKEY>PACKAGE.JSON</PAGEKEY>
      <PAGENAME>package.json</PAGENAME>
      <PAGETYPE>X</PAGETYPE>
      <LAYOUTLANGU>E</LAYOUTLANGU>
      <VERSION>A</VERSION>
      <LANGU>E</LANGU>
     </ATTRIBUTES>
    </item>
    <item>
     <ATTRIBUTES>
      <APPLNAME>ZWA_LS_WS_04</APPLNAME>
      <PAGEKEY>SERVICEBINDING.JS</PAGEKEY>
      <PAGENAME>serviceBinding.js</PAGENAME>
      <PAGETYPE>X</PAGETYPE>
      <LAYOUTLANGU>E</LAYOUTLANGU>
      <VERSION>A</VERSION>
      <LANGU>E</LANGU>
     </ATTRIBUTES>
    </item>
    <item>
     <ATTRIBUTES>
      <APPLNAME>ZWA_LS_WS_04</APPLNAME>
      <PAGEKEY>UI5B286271A536B86ED651FBB5320BA4B907C4EB39A</PAGEKEY>
      <PAGENAME>UI5B286271A536B86ED651FBB5320BA4B907C4EB39A</PAGENAME>
      <PAGETYPE>X</PAGETYPE>
      <LAYOUTLANGU>E</LAYOUTLANGU>
      <VERSION>A</VERSION>
      <LANGU>E</LANGU>
     </ATTRIBUTES>
    </item>
    <item>
     <ATTRIBUTES>
      <APPLNAME>ZWA_LS_WS_04</APPLNAME>
      <PAGEKEY>UI5FA288D1472D29BECCB489A676F68739AD365FC47</PAGEKEY>
      <PAGENAME>UI5FA288D1472D29BECCB489A676F68739AD365FC47</PAGENAME>
      <PAGETYPE>X</PAGETYPE>
      <LAYOUTLANGU>E</LAYOUTLANGU>
      <VERSION>A</VERSION>
      <LANGU>E</LANGU>
     </ATTRIBUTES>
    </item>
    <item>
     <ATTRIBUTES>
      <APPLNAME>ZWA_LS_WS_04</APPLNAME>
      <PAGEKEY>UI5REPOSITORYPATHMAPPING.XML</PAGEKEY>
      <PAGENAME>UI5RepositoryPathMapping.xml</PAGENAME>
      <PAGETYPE>X</PAGETYPE>
      <LAYOUTLANGU>E</LAYOUTLANGU>
      <VERSION>A</VERSION>
      <LANGU>E</LANGU>
     </ATTRIBUTES>
    </item>
    <item>
     <ATTRIBUTES>
      <APPLNAME>ZWA_LS_WS_04</APPLNAME>
      <PAGEKEY>WEBAPP/COMPONENT.JS</PAGEKEY>
      <PAGENAME>webapp/Component.js</PAGENAME>
      <PAGETYPE>X</PAGETYPE>
      <LAYOUTLANGU>E</LAYOUTLANGU>
      <VERSION>A</VERSION>
      <LANGU>E</LANGU>
     </ATTRIBUTES>
    </item>
    <item>
     <ATTRIBUTES>
      <APPLNAME>ZWA_LS_WS_04</APPLNAME>
      <PAGEKEY>WEBAPP/CONTROLLER/VIEW1.CONTROLLER.JS</PAGEKEY>
      <PAGENAME>webapp/controller/View1.controller.js</PAGENAME>
      <PAGETYPE>X</PAGETYPE>
      <LAYOUTLANGU>E</LAYOUTLANGU>
      <VERSION>A</VERSION>
      <LANGU>E</LANGU>
     </ATTRIBUTES>
    </item>
    <item>
     <ATTRIBUTES>
      <APPLNAME>ZWA_LS_WS_04</APPLNAME>
      <PAGEKEY>WEBAPP/CSS/STYLE.CSS</PAGEKEY>
      <PAGENAME>webapp/css/style.css</PAGENAME>
      <PAGETYPE>X</PAGETYPE>
      <LAYOUTLANGU>E</LAYOUTLANGU>
      <VERSION>A</VERSION>
      <LANGU>E</LANGU>
     </ATTRIBUTES>
    </item>
    <item>
     <ATTRIBUTES>
      <APPLNAME>ZWA_LS_WS_04</APPLNAME>
      <PAGEKEY>WEBAPP/I18N/I18N.PROPERTIES</PAGEKEY>
      <PAGENAME>webapp/i18n/i18n.properties</PAGENAME>
      <PAGETYPE>X</PAGETYPE>
      <LAYOUTLANGU>E</LAYOUTLANGU>
      <VERSION>A</VERSION>
      <LANGU>E</LANGU>
     </ATTRIBUTES>
    </item>
    <item>
     <ATTRIBUTES>
      <APPLNAME>ZWA_LS_WS_04</APPLNAME>
      <PAGEKEY>WEBAPP/INDEX.HTML</PAGEKEY>
      <PAGENAME>webapp/index.html</PAGENAME>
      <MIMETYPE>text/html</MIMETYPE>
      <IS_START_PAGE>X</IS_START_PAGE>
      <LAYOUTLANGU>E</LAYOUTLANGU>
      <VERSION>A</VERSION>
      <LANGU>E</LANGU>
     </ATTRIBUTES>
    </item>
    <item>
     <ATTRIBUTES>
      <APPLNAME>ZWA_LS_WS_04</APPLNAME>
      <PAGEKEY>WEBAPP/LOCALSERVICE/METADATA.XML</PAGEKEY>
      <PAGENAME>webapp/localService/metadata.xml</PAGENAME>
      <PAGETYPE>X</PAGETYPE>
      <LAYOUTLANGU>E</LAYOUTLANGU>
      <VERSION>A</VERSION>
      <LANGU>E</LANGU>
     </ATTRIBUTES>
    </item>
    <item>
     <ATTRIBUTES>
      <APPLNAME>ZWA_LS_WS_04</APPLNAME>
      <PAGEKEY>WEBAPP/LOCALSERVICE/ZSTC_WORKSHOP_01_SRV/METADATA.XML</PAGEKEY>
      <PAGENAME>webapp/localService/ZSTC_WORKSHOP_01_SRV/metadata.xml</PAGENAME>
      <PAGETYPE>X</PAGETYPE>
      <LAYOUTLANGU>E</LAYOUTLANGU>
      <VERSION>A</VERSION>
      <LANGU>E</LANGU>
     </ATTRIBUTES>
    </item>
    <item>
     <ATTRIBUTES>
      <APPLNAME>ZWA_LS_WS_04</APPLNAME>
      <PAGEKEY>WEBAPP/LOCALSERVICE/ZSTC_WORKSHOP_02_SRV/METADATA.XML</PAGEKEY>
      <PAGENAME>webapp/localService/ZSTC_WORKSHOP_02_SRV/metadata.xml</PAGENAME>
      <PAGETYPE>X</PAGETYPE>
      <LAYOUTLANGU>E</LAYOUTLANGU>
      <VERSION>A</VERSION>
      <LANGU>E</LANGU>
     </ATTRIBUTES>
    </item>
    <item>
     <ATTRIBUTES>
      <APPLNAME>ZWA_LS_WS_04</APPLNAME>
      <PAGEKEY>WEBAPP/MANIFEST.JSON</PAGEKEY>
      <PAGENAME>webapp/manifest.json</PAGENAME>
      <PAGETYPE>X</PAGETYPE>
      <LAYOUTLANGU>E</LAYOUTLANGU>
      <VERSION>A</VERSION>
      <LANGU>E</LANGU>
     </ATTRIBUTES>
    </item>
    <item>
     <ATTRIBUTES>
      <APPLNAME>ZWA_LS_WS_04</APPLNAME>
      <PAGEKEY>WEBAPP/MODEL/DATA.JSON</PAGEKEY>
      <PAGENAME>webapp/model/data.json</PAGENAME>
      <PAGETYPE>X</PAGETYPE>
      <LAYOUTLANGU>E</LAYOUTLANGU>
      <VERSION>A</VERSION>
      <LANGU>E</LANGU>
     </ATTRIBUTES>
    </item>
    <item>
     <ATTRIBUTES>
      <APPLNAME>ZWA_LS_WS_04</APPLNAME>
      <PAGEKEY>WEBAPP/MODEL/DATA2.JSON</PAGEKEY>
      <PAGENAME>webapp/model/data2.json</PAGENAME>
      <PAGETYPE>X</PAGETYPE>
      <LAYOUTLANGU>E</LAYOUTLANGU>
      <VERSION>A</VERSION>
      <LANGU>E</LANGU>
     </ATTRIBUTES>
    </item>
    <item>
     <ATTRIBUTES>
      <APPLNAME>ZWA_LS_WS_04</APPLNAME>
      <PAGEKEY>WEBAPP/MODEL/MODELS.JS</PAGEKEY>
      <PAGENAME>webapp/model/models.js</PAGENAME>
      <PAGETYPE>X</PAGETYPE>
      <LAYOUTLANGU>E</LAYOUTLANGU>
      <VERSION>A</VERSION>
      <LANGU>E</LANGU>
     </ATTRIBUTES>
    </item>
    <item>
     <ATTRIBUTES>
      <APPLNAME>ZWA_LS_WS_04</APPLNAME>
      <PAGEKEY>WEBAPP/SERVICEBINDING.JS</PAGEKEY>
      <PAGENAME>webapp/serviceBinding.js</PAGENAME>
      <PAGETYPE>X</PAGETYPE>
      <LAYOUTLANGU>E</LAYOUTLANGU>
      <VERSION>A</VERSION>
      <LANGU>E</LANGU>
     </ATTRIBUTES>
    </item>
    <item>
     <ATTRIBUTES>
      <APPLNAME>ZWA_LS_WS_04</APPLNAME>
      <PAGEKEY>WEBAPP/VIEW/COPYOFVIEW1.VIEW.XML</PAGEKEY>
      <PAGENAME>webapp/view/CopyOfView1.view.xml</PAGENAME>
      <PAGETYPE>X</PAGETYPE>
      <LAYOUTLANGU>E</LAYOUTLANGU>
      <VERSION>A</VERSION>
      <LANGU>E</LANGU>
     </ATTRIBUTES>
    </item>
    <item>
     <ATTRIBUTES>
      <APPLNAME>ZWA_LS_WS_04</APPLNAME>
      <PAGEKEY>WEBAPP/VIEW/VIEW1.VIEW.XML</PAGEKEY>
      <PAGENAME>webapp/view/View1.view.xml</PAGENAME>
      <PAGETYPE>X</PAGETYPE>
      <LAYOUTLANGU>E</LAYOUTLANGU>
      <VERSION>A</VERSION>
      <LANGU>E</LANGU>
     </ATTRIBUTES>
    </item>
   </PAGES>
  </asx:values>
 </asx:abap>
</abapGit>
