{                                                                                                                                                                                                                                                              
	"Flights": [{                                                                                                                                                                                                                                                 
		"Carrid": "AA",                                                                                                                                                                                                                                              
		"Connid": "0100",                                                                                                                                                                                                                                            
		"Countryfr": "China",                                                                                                                                                                                                                                        
		"Cityfrom": "Peking",                                                                                                                                                                                                                                        
		"Airfrom": "Airport"                                                                                                                                                                                                                                         
	}, {                                                                                                                                                                                                                                                          
		"Carrid": "AB",                                                                                                                                                                                                                                              
		"Connid": "0100",                                                                                                                                                                                                                                            
		"Countryfr": "China",                                                                                                                                                                                                                                        
		"Cityfrom": "Peking",                                                                                                                                                                                                                                        
		"Airfrom": "Airport"                                                                                                                                                                                                                                         
	}, {                                                                                                                                                                                                                                                          
		"Carrid": "DD",                                                                                                                                                                                                                                              
		"Connid": "0100",                                                                                                                                                                                                                                            
		"Countryfr": "China",                                                                                                                                                                                                                                        
		"Cityfrom": "Peking",                                                                                                                                                                                                                                        
		"Airfrom": "Airport"                                                                                                                                                                                                                                         
	}, {                                                                                                                                                                                                                                                          
		"Carrid": "XX",                                                                                                                                                                                                                                              
		"Connid": "0100",                                                                                                                                                                                                                                            
		"Countryfr": "China",                                                                                                                                                                                                                                        
		"Cityfrom": "Peking",                                                                                                                                                                                                                                        
		"Airfrom": "Airport"                                                                                                                                                                                                                                         
	}, {                                                                                                                                                                                                                                                          
		"Carrid": "DD",                                                                                                                                                                                                                                              
		"Connid": "0100",                                                                                                                                                                                                                                            
		"Countryfr": "China",                                                                                                                                                                                                                                        
		"Cityfrom": "Peking",                                                                                                                                                                                                                                        
		"Airfrom": "Airport"                                                                                                                                                                                                                                         
	}]                                                                                                                                                                                                                                                            
}                                                                                                                                                                                                                                                              
                                                                                                                                                                                                                                                               