﻿<?xml version="1.0" encoding="utf-8"?>
<abapGit version="v1.0.0" serializer="LCL_OBJECT_WAPA" serializer_version="v1.0.0">
 <asx:abap xmlns:asx="http://www.sap.com/abapxml" version="1.0">
  <asx:values>
   <ATTRIBUTES>
    <APPLNAME>ZWA_LS_WS_03</APPLNAME>
    <APPLEXT>zwa_ls_ws_03</APPLEXT>
    <SECURITY>X</SECURITY>
    <ORIGLANG>E</ORIGLANG>
    <MODIFLANG>E</MODIFLANG>
    <TEXT>ui5 consuming odata</TEXT>
   </ATTRIBUTES>
   <PAGES>
    <item>
     <ATTRIBUTES>
      <APPLNAME>ZWA_LS_WS_03</APPLNAME>
      <PAGEKEY>INDEX.HTML</PAGEKEY>
      <PAGENAME>index.html</PAGENAME>
      <MIMETYPE>text/html</MIMETYPE>
      <IS_START_PAGE>X</IS_START_PAGE>
      <LAYOUTLANGU>E</LAYOUTLANGU>
      <VERSION>A</VERSION>
      <LANGU>E</LANGU>
      <DESCRIPT>main</DESCRIPT>
     </ATTRIBUTES>
    </item>
   </PAGES>
  </asx:values>
 </asx:abap>
</abapGit>
