﻿<?xml version="1.0" encoding="utf-8"?>
<abapGit version="v1.0.0" serializer="LCL_OBJECT_TABL" serializer_version="v1.0.0">
 <asx:abap xmlns:asx="http://www.sap.com/abapxml" version="1.0">
  <asx:values>
   <DD02V>
    <TABNAME>ZKAL_T_GTT</TABNAME>
    <DDLANGUAGE>E</DDLANGUAGE>
    <TABCLASS>TRANSP</TABCLASS>
    <CLIDEP>X</CLIDEP>
    <DDTEXT>test</DDTEXT>
    <MASTERLANG>E</MASTERLANG>
    <CONTFLAG>A</CONTFLAG>
    <EXCLASS>1</EXCLASS>
    <IS_GTT>X</IS_GTT>
   </DD02V>
   <DD03P_TABLE>
    <DD03P>
     <TABNAME>ZKAL_T_GTT</TABNAME>
     <FIELDNAME>CLIENT</FIELDNAME>
     <DDLANGUAGE>E</DDLANGUAGE>
     <POSITION>0001</POSITION>
     <KEYFLAG>X</KEYFLAG>
     <ADMINFIELD>0</ADMINFIELD>
     <INTTYPE>C</INTTYPE>
     <INTLEN>000006</INTLEN>
     <NOTNULL>X</NOTNULL>
     <DATATYPE>CLNT</DATATYPE>
     <LENG>000003</LENG>
     <MASK>  CLNT</MASK>
    </DD03P>
    <DD03P>
     <TABNAME>ZKAL_T_GTT</TABNAME>
     <FIELDNAME>CARRID</FIELDNAME>
     <POSITION>0002</POSITION>
     <KEYFLAG>X</KEYFLAG>
     <ROLLNAME>S_CARR_ID</ROLLNAME>
     <ADMINFIELD>0</ADMINFIELD>
     <NOTNULL>X</NOTNULL>
     <SHLPORIGIN>D</SHLPORIGIN>
     <COMPTYPE>E</COMPTYPE>
    </DD03P>
    <DD03P>
     <TABNAME>ZKAL_T_GTT</TABNAME>
     <FIELDNAME>CONNID</FIELDNAME>
     <POSITION>0003</POSITION>
     <KEYFLAG>X</KEYFLAG>
     <ROLLNAME>S_CONN_ID</ROLLNAME>
     <ADMINFIELD>0</ADMINFIELD>
     <NOTNULL>X</NOTNULL>
     <COMPTYPE>E</COMPTYPE>
    </DD03P>
   </DD03P_TABLE>
  </asx:values>
 </asx:abap>
</abapGit>
