﻿<?xml version="1.0" encoding="utf-8"?>
<abapGit version="v1.0.0" serializer="LCL_OBJECT_SICF" serializer_version="v1.0.0">
 <asx:abap xmlns:asx="http://www.sap.com/abapxml" version="1.0">
  <asx:values>
   <URL>/sap/bc/apc/sap/SL20102/</URL>
   <ICFSERVICE>
    <ICF_NAME>SL20102</ICF_NAME>
    <APPLCUSTFLAG>1</APPLCUSTFLAG>
    <ORIG_NAME>SL20102</ORIG_NAME>
    <ICFALTNME>ZKAL_PC_UI5_TEST</ICFALTNME>
   </ICFSERVICE>
   <ICFDOCU>
    <ICF_NAME>SL20102</ICF_NAME>
    <ICF_LANGU>E</ICF_LANGU>
    <ICF_DOCU>Generated from APC designtime</ICF_DOCU>
   </ICFDOCU>
  </asx:values>
 </asx:abap>
</abapGit>
