﻿<?xml version="1.0" encoding="utf-8"?>
<abapGit version="v1.0.0" serializer="LCL_OBJECT_IWPR" serializer_version="v1.0.0">
 <asx:abap xmlns:asx="http://www.sap.com/abapxml" version="1.0">
  <asx:values>
   <_-IWBEP_-I_SBD_AT>
    <_-IWBEP_-I_SBD_AT>
     <PROJECT>ZOD_LS_WS_01</PROJECT>
     <NODE_UUID>AFBWvRKDHtuJm6XqeGCtyw==</NODE_UUID>
     <NODE_UUID_PA>AFBWvRKDHtuJm5jgqvbNuw==</NODE_UUID_PA>
     <PLUGIN_PA>/IWBEP/CORE</PLUGIN_PA>
     <NODE_TYPE_PA>PROJ</NODE_TYPE_PA>
     <NAME>GENERATED_METHODS_RDS</NAME>
     <TYPE>V2_RDS</TYPE>
     <MIME_TYPE>XML</MIME_TYPE>
     <VALUE>PD94bWwgdmVyc2lvbj0iMS4wIiBlbmNvZGluZz0idXRmLTgiPz48YXN4OmFiYXAgdmVyc2lvbj0i
MS4wIiB4bWxuczphc3g9Imh0dHA6Ly93d3cuc2FwLmNvbS9hYmFweG1sIj48YXN4OnZhbHVlcz48
R0VOLz48L2FzeDp2YWx1ZXM+PC9hc3g6YWJhcD4=</VALUE>
    </_-IWBEP_-I_SBD_AT>
   </_-IWBEP_-I_SBD_AT>
   <_-IWBEP_-I_SBD_DS>
    <_-IWBEP_-I_SBD_DS>
     <PROJECT>ZOD_LS_WS_01</PROJECT>
     <NODE_UUID>AFBWvRKDHtuJm59RufLNvA==</NODE_UUID>
     <PARENT_UUID>AFBWvRKDHtuJm5jgqvcNuw==</PARENT_UUID>
     <NAME>SPFLI</NAME>
     <DS_TYPE>5</DS_TYPE>
    </_-IWBEP_-I_SBD_DS>
   </_-IWBEP_-I_SBD_DS>
   <_-IWBEP_-I_SBD_DST>
    <_-IWBEP_-I_SBD_DST>
     <SYLANGU>E</SYLANGU>
     <PROJECT>ZOD_LS_WS_01</PROJECT>
     <NODE_UUID>AFBWvRKDHtuJm59RufLNvA==</NODE_UUID>
    </_-IWBEP_-I_SBD_DST>
   </_-IWBEP_-I_SBD_DST>
   <_-IWBEP_-I_SBD_GA>
    <_-IWBEP_-I_SBD_GA>
     <PROJECT>ZOD_LS_WS_01</PROJECT>
     <NODE_UUID>AFBWvRKDHtuJm6XqeGDNyw==</NODE_UUID>
     <CREATION_USER_ID>KALDEWEY</CREATION_USER_ID>
     <CREATION_TIME>20201112114954.501668</CREATION_TIME>
     <LAST_CHG_USER_ID>KALDEWEY</LAST_CHG_USER_ID>
     <LAST_CHG_TIME>20201208125909.421618</LAST_CHG_TIME>
     <NAME>ZCL_ZOD_LS_WS_01_MPC</NAME>
     <PGMID>R3TR</PGMID>
     <TROBJ_TYPE>CLAS</TROBJ_TYPE>
     <TROBJ_NAME>ZCL_ZOD_LS_WS_01_MPC</TROBJ_NAME>
     <GEN_ART_TYPE>MPCB</GEN_ART_TYPE>
    </_-IWBEP_-I_SBD_GA>
    <_-IWBEP_-I_SBD_GA>
     <PROJECT>ZOD_LS_WS_01</PROJECT>
     <NODE_UUID>AFBWvRKDHtuJm6XqeGDtyw==</NODE_UUID>
     <CREATION_USER_ID>KALDEWEY</CREATION_USER_ID>
     <CREATION_TIME>20201112114954.501675</CREATION_TIME>
     <LAST_CHG_USER_ID>KALDEWEY</LAST_CHG_USER_ID>
     <LAST_CHG_TIME>20201208125909.421628</LAST_CHG_TIME>
     <NAME>ZCL_ZOD_LS_WS_01_MPC_EXT</NAME>
     <PGMID>R3TR</PGMID>
     <TROBJ_TYPE>CLAS</TROBJ_TYPE>
     <TROBJ_NAME>ZCL_ZOD_LS_WS_01_MPC_EXT</TROBJ_NAME>
     <GEN_ART_TYPE>MPCS</GEN_ART_TYPE>
    </_-IWBEP_-I_SBD_GA>
    <_-IWBEP_-I_SBD_GA>
     <PROJECT>ZOD_LS_WS_01</PROJECT>
     <NODE_UUID>AFBWvRKDHtuJm6XqeGENyw==</NODE_UUID>
     <CREATION_USER_ID>KALDEWEY</CREATION_USER_ID>
     <CREATION_TIME>20201112114956.54373</CREATION_TIME>
     <NAME>ZCL_ZOD_LS_WS_01_DPC</NAME>
     <PGMID>R3TR</PGMID>
     <TROBJ_TYPE>CLAS</TROBJ_TYPE>
     <TROBJ_NAME>ZCL_ZOD_LS_WS_01_DPC</TROBJ_NAME>
     <GEN_ART_TYPE>DPCB</GEN_ART_TYPE>
    </_-IWBEP_-I_SBD_GA>
    <_-IWBEP_-I_SBD_GA>
     <PROJECT>ZOD_LS_WS_01</PROJECT>
     <NODE_UUID>AFBWvRKDHtuJm6XqeGEtyw==</NODE_UUID>
     <CREATION_USER_ID>KALDEWEY</CREATION_USER_ID>
     <CREATION_TIME>20201112114957.331131</CREATION_TIME>
     <NAME>ZCL_ZOD_LS_WS_01_DPC_EXT</NAME>
     <PGMID>R3TR</PGMID>
     <TROBJ_TYPE>CLAS</TROBJ_TYPE>
     <TROBJ_NAME>ZCL_ZOD_LS_WS_01_DPC_EXT</TROBJ_NAME>
     <GEN_ART_TYPE>DPCS</GEN_ART_TYPE>
    </_-IWBEP_-I_SBD_GA>
    <_-IWBEP_-I_SBD_GA>
     <PROJECT>ZOD_LS_WS_01</PROJECT>
     <NODE_UUID>AFBWvRKDHtuJm6XqeGFNyw==</NODE_UUID>
     <CREATION_USER_ID>KALDEWEY</CREATION_USER_ID>
     <CREATION_TIME>20201112114957.598766</CREATION_TIME>
     <NAME>ZOD_LS_WS_01_MDL</NAME>
     <PGMID>R3TR</PGMID>
     <TROBJ_TYPE>IWMO</TROBJ_TYPE>
     <TROBJ_NAME>ZOD_LS_WS_01_MDL</TROBJ_NAME>
     <GEN_ART_TYPE>MDL</GEN_ART_TYPE>
    </_-IWBEP_-I_SBD_GA>
    <_-IWBEP_-I_SBD_GA>
     <PROJECT>ZOD_LS_WS_01</PROJECT>
     <NODE_UUID>AFBWvRKDHtuJm6XqeGFtyw==</NODE_UUID>
     <CREATION_USER_ID>KALDEWEY</CREATION_USER_ID>
     <CREATION_TIME>20201112114957.598773</CREATION_TIME>
     <NAME>ZOD_LS_WS_01_SRV</NAME>
     <PGMID>R3TR</PGMID>
     <TROBJ_TYPE>IWSV</TROBJ_TYPE>
     <TROBJ_NAME>ZOD_LS_WS_01_SRV</TROBJ_NAME>
     <GEN_ART_TYPE>SRV</GEN_ART_TYPE>
    </_-IWBEP_-I_SBD_GA>
   </_-IWBEP_-I_SBD_GA>
   <_-IWBEP_-I_SBD_GAT>
    <_-IWBEP_-I_SBD_GAT>
     <SYLANGU>E</SYLANGU>
     <PROJECT>ZOD_LS_WS_01</PROJECT>
     <NODE_UUID>AFBWvRKDHtuJm6XqeGDNyw==</NODE_UUID>
    </_-IWBEP_-I_SBD_GAT>
    <_-IWBEP_-I_SBD_GAT>
     <SYLANGU>E</SYLANGU>
     <PROJECT>ZOD_LS_WS_01</PROJECT>
     <NODE_UUID>AFBWvRKDHtuJm6XqeGDtyw==</NODE_UUID>
    </_-IWBEP_-I_SBD_GAT>
    <_-IWBEP_-I_SBD_GAT>
     <SYLANGU>E</SYLANGU>
     <PROJECT>ZOD_LS_WS_01</PROJECT>
     <NODE_UUID>AFBWvRKDHtuJm6XqeGENyw==</NODE_UUID>
    </_-IWBEP_-I_SBD_GAT>
    <_-IWBEP_-I_SBD_GAT>
     <SYLANGU>E</SYLANGU>
     <PROJECT>ZOD_LS_WS_01</PROJECT>
     <NODE_UUID>AFBWvRKDHtuJm6XqeGEtyw==</NODE_UUID>
    </_-IWBEP_-I_SBD_GAT>
    <_-IWBEP_-I_SBD_GAT>
     <SYLANGU>E</SYLANGU>
     <PROJECT>ZOD_LS_WS_01</PROJECT>
     <NODE_UUID>AFBWvRKDHtuJm6XqeGFNyw==</NODE_UUID>
    </_-IWBEP_-I_SBD_GAT>
    <_-IWBEP_-I_SBD_GAT>
     <SYLANGU>E</SYLANGU>
     <PROJECT>ZOD_LS_WS_01</PROJECT>
     <NODE_UUID>AFBWvRKDHtuJm6XqeGFtyw==</NODE_UUID>
    </_-IWBEP_-I_SBD_GAT>
   </_-IWBEP_-I_SBD_GAT>
   <_-IWBEP_-I_SBD_MD>
    <_-IWBEP_-I_SBD_MD>
     <PROJECT>ZOD_LS_WS_01</PROJECT>
     <NODE_UUID>AFBWvRKDHtuJm5jgqvbtuw==</NODE_UUID>
     <NODE_UUID_PA>AFBWvRKDHtuJm5jgqvbNuw==</NODE_UUID_PA>
     <PLUGIN_PA>/IWBEP/CORE</PLUGIN_PA>
     <NODE_TYPE_PA>PROJ</NODE_TYPE_PA>
     <TECHNICAL_NAME>ZOD_LS_WS_01_MDL</TECHNICAL_NAME>
     <VERSION>0001</VERSION>
     <MPC>ZCL_ZOD_LS_WS_01_MPC_EXT</MPC>
     <STATE_NS>S</STATE_NS>
     <VALUE_NS>ZOD_LS_WS_01_SRV</VALUE_NS>
    </_-IWBEP_-I_SBD_MD>
   </_-IWBEP_-I_SBD_MD>
   <_-IWBEP_-I_SBD_MDT>
    <_-IWBEP_-I_SBD_MDT>
     <SYLANGU>E</SYLANGU>
     <PROJECT>ZOD_LS_WS_01</PROJECT>
     <NODE_UUID>AFBWvRKDHtuJm5jgqvbtuw==</NODE_UUID>
    </_-IWBEP_-I_SBD_MDT>
   </_-IWBEP_-I_SBD_MDT>
   <_-IWBEP_-I_SBD_NOI>
    <_-IWBEP_-I_SBD_NOI>
     <PROJECT>ZOD_LS_WS_01</PROJECT>
     <NODE_UUID>AFBWvRKDHtuJm5jgqvbNuw==</NODE_UUID>
    </_-IWBEP_-I_SBD_NOI>
    <_-IWBEP_-I_SBD_NOI>
     <PROJECT>ZOD_LS_WS_01</PROJECT>
     <NODE_UUID>AFBWvRKDHtuJm5jgqvbtuw==</NODE_UUID>
    </_-IWBEP_-I_SBD_NOI>
    <_-IWBEP_-I_SBD_NOI>
     <PROJECT>ZOD_LS_WS_01</PROJECT>
     <NODE_UUID>AFBWvRKDHtuJm5jgqvcNuw==</NODE_UUID>
    </_-IWBEP_-I_SBD_NOI>
    <_-IWBEP_-I_SBD_NOI>
     <PROJECT>ZOD_LS_WS_01</PROJECT>
     <NODE_UUID>AFBWvRKDHtuJm59RufLNvA==</NODE_UUID>
    </_-IWBEP_-I_SBD_NOI>
    <_-IWBEP_-I_SBD_NOI>
     <PROJECT>ZOD_LS_WS_01</PROJECT>
     <NODE_UUID>AFBWvRKDHtuJm6GU83pNxg==</NODE_UUID>
     <TYPE>DASO</TYPE>
     <NAME>005056BD12831EDB899B9F51B9F2CDBCSPFLI</NAME>
    </_-IWBEP_-I_SBD_NOI>
    <_-IWBEP_-I_SBD_NOI>
     <PROJECT>ZOD_LS_WS_01</PROJECT>
     <NODE_UUID>AFBWvRKDHtuJm6GU83qNxg==</NODE_UUID>
     <TYPE>DASO</TYPE>
     <NAME>005056BD12831EDB899B9F51B9F2CDBCSPFLI\CARRID</NAME>
    </_-IWBEP_-I_SBD_NOI>
    <_-IWBEP_-I_SBD_NOI>
     <PROJECT>ZOD_LS_WS_01</PROJECT>
     <NODE_UUID>AFBWvRKDHtuJm6GU83qtxg==</NODE_UUID>
     <TYPE>DASO</TYPE>
     <NAME>005056BD12831EDB899B9F51B9F2CDBCSPFLI\CONNID</NAME>
    </_-IWBEP_-I_SBD_NOI>
    <_-IWBEP_-I_SBD_NOI>
     <PROJECT>ZOD_LS_WS_01</PROJECT>
     <NODE_UUID>AFBWvRKDHtuJm6GU83rNxg==</NODE_UUID>
     <TYPE>DASO</TYPE>
     <NAME>005056BD12831EDB899B9F51B9F2CDBCSPFLI\COUNTRYFR</NAME>
    </_-IWBEP_-I_SBD_NOI>
    <_-IWBEP_-I_SBD_NOI>
     <PROJECT>ZOD_LS_WS_01</PROJECT>
     <NODE_UUID>AFBWvRKDHtuJm6GU83rtxg==</NODE_UUID>
     <TYPE>DASO</TYPE>
     <NAME>005056BD12831EDB899B9F51B9F2CDBCSPFLI\CITYFROM</NAME>
    </_-IWBEP_-I_SBD_NOI>
    <_-IWBEP_-I_SBD_NOI>
     <PROJECT>ZOD_LS_WS_01</PROJECT>
     <NODE_UUID>AFBWvRKDHtuJm6GU83sNxg==</NODE_UUID>
     <TYPE>DASO</TYPE>
     <NAME>005056BD12831EDB899B9F51B9F2CDBCSPFLI\AIRPFROM</NAME>
    </_-IWBEP_-I_SBD_NOI>
    <_-IWBEP_-I_SBD_NOI>
     <PROJECT>ZOD_LS_WS_01</PROJECT>
     <NODE_UUID>AFBWvRKDHtuJm6GU83stxg==</NODE_UUID>
     <TYPE>DASO</TYPE>
     <NAME>005056BD12831EDB899B9F51B9F2CDBCSPFLI\COUNTRYTO</NAME>
    </_-IWBEP_-I_SBD_NOI>
    <_-IWBEP_-I_SBD_NOI>
     <PROJECT>ZOD_LS_WS_01</PROJECT>
     <NODE_UUID>AFBWvRKDHtuJm6GU83tNxg==</NODE_UUID>
     <TYPE>DASO</TYPE>
     <NAME>005056BD12831EDB899B9F51B9F2CDBCSPFLI\CITYTO</NAME>
    </_-IWBEP_-I_SBD_NOI>
    <_-IWBEP_-I_SBD_NOI>
     <PROJECT>ZOD_LS_WS_01</PROJECT>
     <NODE_UUID>AFBWvRKDHtuJm6GU83ttxg==</NODE_UUID>
     <TYPE>DASO</TYPE>
     <NAME>005056BD12831EDB899B9F51B9F2CDBCSPFLI\AIRPTO</NAME>
    </_-IWBEP_-I_SBD_NOI>
    <_-IWBEP_-I_SBD_NOI>
     <PROJECT>ZOD_LS_WS_01</PROJECT>
     <NODE_UUID>AFBWvRKDHtuJm6GU83uNxg==</NODE_UUID>
     <TYPE>DASO</TYPE>
     <NAME>005056BD12831EDB899B9F51B9F2CDBCSPFLI\DISTANCE</NAME>
    </_-IWBEP_-I_SBD_NOI>
    <_-IWBEP_-I_SBD_NOI>
     <PROJECT>ZOD_LS_WS_01</PROJECT>
     <NODE_UUID>AFBWvRKDHtuJm6GU83utxg==</NODE_UUID>
     <TYPE>DASO</TYPE>
     <NAME>005056BD12831EDB899B9F51B9F2CDBCSPFLI\DISTID</NAME>
    </_-IWBEP_-I_SBD_NOI>
    <_-IWBEP_-I_SBD_NOI>
     <PROJECT>ZOD_LS_WS_01</PROJECT>
     <NODE_UUID>AFBWvRKDHtuJm6GU83vNxg==</NODE_UUID>
     <TYPE>DASO</TYPE>
     <NAME>005056BD12831EDB899B9F51B9F2CDBCSPFLI\FLTYPE</NAME>
    </_-IWBEP_-I_SBD_NOI>
    <_-IWBEP_-I_SBD_NOI>
     <PROJECT>ZOD_LS_WS_01</PROJECT>
     <NODE_UUID>AFBWvRKDHtuJm6GU83vtxg==</NODE_UUID>
     <TYPE>DASO</TYPE>
     <NAME>005056BD12831EDB899B9F51B9F2CDBCSPFLI\PERIOD</NAME>
    </_-IWBEP_-I_SBD_NOI>
    <_-IWBEP_-I_SBD_NOI>
     <PROJECT>ZOD_LS_WS_01</PROJECT>
     <NODE_UUID>AFBWvRKDHtuJm6GU83wNxg==</NODE_UUID>
    </_-IWBEP_-I_SBD_NOI>
    <_-IWBEP_-I_SBD_NOI>
     <PROJECT>ZOD_LS_WS_01</PROJECT>
     <NODE_UUID>AFBWvRKDHtuJm6GU83wtxg==</NODE_UUID>
    </_-IWBEP_-I_SBD_NOI>
    <_-IWBEP_-I_SBD_NOI>
     <PROJECT>ZOD_LS_WS_01</PROJECT>
     <NODE_UUID>AFBWvRKDHtuJm6GU83xNxg==</NODE_UUID>
    </_-IWBEP_-I_SBD_NOI>
    <_-IWBEP_-I_SBD_NOI>
     <PROJECT>ZOD_LS_WS_01</PROJECT>
     <NODE_UUID>AFBWvRKDHtuJm6GU83xtxg==</NODE_UUID>
    </_-IWBEP_-I_SBD_NOI>
    <_-IWBEP_-I_SBD_NOI>
     <PROJECT>ZOD_LS_WS_01</PROJECT>
     <NODE_UUID>AFBWvRKDHtuJm6GU83yNxg==</NODE_UUID>
    </_-IWBEP_-I_SBD_NOI>
    <_-IWBEP_-I_SBD_NOI>
     <PROJECT>ZOD_LS_WS_01</PROJECT>
     <NODE_UUID>AFBWvRKDHtuJm6GU83ytxg==</NODE_UUID>
    </_-IWBEP_-I_SBD_NOI>
    <_-IWBEP_-I_SBD_NOI>
     <PROJECT>ZOD_LS_WS_01</PROJECT>
     <NODE_UUID>AFBWvRKDHtuJm6GU83zNxg==</NODE_UUID>
    </_-IWBEP_-I_SBD_NOI>
    <_-IWBEP_-I_SBD_NOI>
     <PROJECT>ZOD_LS_WS_01</PROJECT>
     <NODE_UUID>AFBWvRKDHtuJm6XqeGCtyw==</NODE_UUID>
    </_-IWBEP_-I_SBD_NOI>
    <_-IWBEP_-I_SBD_NOI>
     <PROJECT>ZOD_LS_WS_01</PROJECT>
     <NODE_UUID>AFBWvRKDHtuJm6XqeGDNyw==</NODE_UUID>
    </_-IWBEP_-I_SBD_NOI>
    <_-IWBEP_-I_SBD_NOI>
     <PROJECT>ZOD_LS_WS_01</PROJECT>
     <NODE_UUID>AFBWvRKDHtuJm6XqeGDtyw==</NODE_UUID>
    </_-IWBEP_-I_SBD_NOI>
    <_-IWBEP_-I_SBD_NOI>
     <PROJECT>ZOD_LS_WS_01</PROJECT>
     <NODE_UUID>AFBWvRKDHtuJm6XqeGENyw==</NODE_UUID>
    </_-IWBEP_-I_SBD_NOI>
    <_-IWBEP_-I_SBD_NOI>
     <PROJECT>ZOD_LS_WS_01</PROJECT>
     <NODE_UUID>AFBWvRKDHtuJm6XqeGEtyw==</NODE_UUID>
    </_-IWBEP_-I_SBD_NOI>
    <_-IWBEP_-I_SBD_NOI>
     <PROJECT>ZOD_LS_WS_01</PROJECT>
     <NODE_UUID>AFBWvRKDHtuJm6XqeGFNyw==</NODE_UUID>
    </_-IWBEP_-I_SBD_NOI>
    <_-IWBEP_-I_SBD_NOI>
     <PROJECT>ZOD_LS_WS_01</PROJECT>
     <NODE_UUID>AFBWvRKDHtuJm6XqeGFtyw==</NODE_UUID>
    </_-IWBEP_-I_SBD_NOI>
   </_-IWBEP_-I_SBD_NOI>
   <_-IWBEP_-I_SBD_OP>
    <_-IWBEP_-I_SBD_OP>
     <PROJECT>ZOD_LS_WS_01</PROJECT>
     <NODE_UUID>AFBWvRKDHtuJm6GU83xNxg==</NODE_UUID>
     <PARENT_UUID>AFBWvRKDHtuJm6GU83wtxg==</PARENT_UUID>
     <NAME>Create</NAME>
     <OPERATION_TYPE>C</OPERATION_TYPE>
     <IMP_METHOD>SPFLISET_CREATE_ENTITY</IMP_METHOD>
    </_-IWBEP_-I_SBD_OP>
    <_-IWBEP_-I_SBD_OP>
     <PROJECT>ZOD_LS_WS_01</PROJECT>
     <NODE_UUID>AFBWvRKDHtuJm6GU83xtxg==</NODE_UUID>
     <PARENT_UUID>AFBWvRKDHtuJm6GU83wtxg==</PARENT_UUID>
     <NAME>GetEntity (Read)</NAME>
     <OPERATION_TYPE>R</OPERATION_TYPE>
     <IMP_METHOD>SPFLISET_GET_ENTITY</IMP_METHOD>
    </_-IWBEP_-I_SBD_OP>
    <_-IWBEP_-I_SBD_OP>
     <PROJECT>ZOD_LS_WS_01</PROJECT>
     <NODE_UUID>AFBWvRKDHtuJm6GU83yNxg==</NODE_UUID>
     <PARENT_UUID>AFBWvRKDHtuJm6GU83wtxg==</PARENT_UUID>
     <NAME>Update</NAME>
     <OPERATION_TYPE>U</OPERATION_TYPE>
     <IMP_METHOD>SPFLISET_UPDATE_ENTITY</IMP_METHOD>
    </_-IWBEP_-I_SBD_OP>
    <_-IWBEP_-I_SBD_OP>
     <PROJECT>ZOD_LS_WS_01</PROJECT>
     <NODE_UUID>AFBWvRKDHtuJm6GU83ytxg==</NODE_UUID>
     <PARENT_UUID>AFBWvRKDHtuJm6GU83wtxg==</PARENT_UUID>
     <NAME>Delete</NAME>
     <OPERATION_TYPE>D</OPERATION_TYPE>
     <IMP_METHOD>SPFLISET_DELETE_ENTITY</IMP_METHOD>
    </_-IWBEP_-I_SBD_OP>
    <_-IWBEP_-I_SBD_OP>
     <PROJECT>ZOD_LS_WS_01</PROJECT>
     <NODE_UUID>AFBWvRKDHtuJm6GU83zNxg==</NODE_UUID>
     <PARENT_UUID>AFBWvRKDHtuJm6GU83wtxg==</PARENT_UUID>
     <NAME>GetEntitySet (Query)</NAME>
     <OPERATION_TYPE>Q</OPERATION_TYPE>
     <IMP_METHOD>SPFLISET_GET_ENTITYSET</IMP_METHOD>
    </_-IWBEP_-I_SBD_OP>
   </_-IWBEP_-I_SBD_OP>
   <_-IWBEP_-I_SBD_OPT>
    <_-IWBEP_-I_SBD_OPT>
     <SYLANGU>E</SYLANGU>
     <PROJECT>ZOD_LS_WS_01</PROJECT>
     <NODE_UUID>AFBWvRKDHtuJm6GU83xNxg==</NODE_UUID>
    </_-IWBEP_-I_SBD_OPT>
    <_-IWBEP_-I_SBD_OPT>
     <SYLANGU>E</SYLANGU>
     <PROJECT>ZOD_LS_WS_01</PROJECT>
     <NODE_UUID>AFBWvRKDHtuJm6GU83xtxg==</NODE_UUID>
    </_-IWBEP_-I_SBD_OPT>
    <_-IWBEP_-I_SBD_OPT>
     <SYLANGU>E</SYLANGU>
     <PROJECT>ZOD_LS_WS_01</PROJECT>
     <NODE_UUID>AFBWvRKDHtuJm6GU83yNxg==</NODE_UUID>
    </_-IWBEP_-I_SBD_OPT>
    <_-IWBEP_-I_SBD_OPT>
     <SYLANGU>E</SYLANGU>
     <PROJECT>ZOD_LS_WS_01</PROJECT>
     <NODE_UUID>AFBWvRKDHtuJm6GU83ytxg==</NODE_UUID>
    </_-IWBEP_-I_SBD_OPT>
    <_-IWBEP_-I_SBD_OPT>
     <SYLANGU>E</SYLANGU>
     <PROJECT>ZOD_LS_WS_01</PROJECT>
     <NODE_UUID>AFBWvRKDHtuJm6GU83zNxg==</NODE_UUID>
    </_-IWBEP_-I_SBD_OPT>
   </_-IWBEP_-I_SBD_OPT>
   <_-IWBEP_-I_SBD_PR>
    <_-IWBEP_-I_SBD_PR>
     <PROJECT>ZOD_LS_WS_01</PROJECT>
     <NODE_UUID>AFBWvRKDHtuJm5jgqvbNuw==</NODE_UUID>
     <CREATION_USER_ID>KALDEWEY</CREATION_USER_ID>
     <CREATION_TIME>20201112114701.535758</CREATION_TIME>
     <LAST_CHG_USER_ID>KALDEWEY</LAST_CHG_USER_ID>
     <LAST_CHG_TIME>20201208125911.556824</LAST_CHG_TIME>
     <LAST_CHG_STATE>AFBWvRKDHuuOqqVNZpErfw==</LAST_CHG_STATE>
     <PLUGIN>/IWBEP/GEN</PLUGIN>
     <STRAT_NAME>0001</STRAT_NAME>
     <STRAT_VERSION>0001</STRAT_VERSION>
     <PROJECT_TYPE>1</PROJECT_TYPE>
    </_-IWBEP_-I_SBD_PR>
   </_-IWBEP_-I_SBD_PR>
   <_-IWBEP_-I_SBD_PRT>
    <_-IWBEP_-I_SBD_PRT>
     <PROJECT>ZOD_LS_WS_01</PROJECT>
     <SYLANGU>E</SYLANGU>
     <DESCRIPTION>simple test service spfli</DESCRIPTION>
    </_-IWBEP_-I_SBD_PRT>
   </_-IWBEP_-I_SBD_PRT>
   <_-IWBEP_-I_SBD_SE>
    <_-IWBEP_-I_SBD_SE>
     <PROJECT>ZOD_LS_WS_01</PROJECT>
     <NODE_UUID>AFBWvRKDHtuJm6GU83wtxg==</NODE_UUID>
     <PARENT_UUID>AFBWvRKDHtuJm5jgqvcNuw==</PARENT_UUID>
     <NAME>spfliSet</NAME>
     <ENTITY_SET_UUID>AFBWvRKDHtuJm6GU83wNxg==</ENTITY_SET_UUID>
    </_-IWBEP_-I_SBD_SE>
   </_-IWBEP_-I_SBD_SE>
   <_-IWBEP_-I_SBD_SET>
    <_-IWBEP_-I_SBD_SET>
     <SYLANGU>E</SYLANGU>
     <PROJECT>ZOD_LS_WS_01</PROJECT>
     <NODE_UUID>AFBWvRKDHtuJm6GU83wtxg==</NODE_UUID>
    </_-IWBEP_-I_SBD_SET>
   </_-IWBEP_-I_SBD_SET>
   <_-IWBEP_-I_SBD_SV>
    <_-IWBEP_-I_SBD_SV>
     <PROJECT>ZOD_LS_WS_01</PROJECT>
     <NODE_UUID>AFBWvRKDHtuJm5jgqvcNuw==</NODE_UUID>
     <TECHNICAL_NAME>ZOD_LS_WS_01_SRV</TECHNICAL_NAME>
     <VERSION>0001</VERSION>
     <DPC>ZCL_ZOD_LS_WS_01_DPC_EXT</DPC>
     <EXTERNAL_NAME>ZOD_LS_WS_01_SRV</EXTERNAL_NAME>
    </_-IWBEP_-I_SBD_SV>
   </_-IWBEP_-I_SBD_SV>
   <_-IWBEP_-I_SBD_SVT>
    <_-IWBEP_-I_SBD_SVT>
     <SYLANGU>E</SYLANGU>
     <PROJECT>ZOD_LS_WS_01</PROJECT>
     <NODE_UUID>AFBWvRKDHtuJm5jgqvcNuw==</NODE_UUID>
    </_-IWBEP_-I_SBD_SVT>
   </_-IWBEP_-I_SBD_SVT>
   <_-IWBEP_-I_SBO_ES>
    <_-IWBEP_-I_SBO_ES>
     <PROJECT>ZOD_LS_WS_01</PROJECT>
     <NODE_UUID>AFBWvRKDHtuJm6GU83wNxg==</NODE_UUID>
     <MODEL>AFBWvRKDHtuJm5jgqvbtuw==</MODEL>
     <NAME>spfliSet</NAME>
     <ENTITY_TYPE>AFBWvRKDHtuJm6GU83pNxg==</ENTITY_TYPE>
     <CREATABLE>X</CREATABLE>
     <UPDATABLE>X</UPDATABLE>
     <ADDRESSABLE>X</ADDRESSABLE>
     <REF_TYPE>T</REF_TYPE>
     <TECH_NAME>SPFLISET</TECH_NAME>
     <DESCRIPTION_XU>X</DESCRIPTION_XU>
     <IN_SERV_DOCU>X</IN_SERV_DOCU>
    </_-IWBEP_-I_SBO_ES>
   </_-IWBEP_-I_SBO_ES>
   <_-IWBEP_-I_SBO_EST>
    <_-IWBEP_-I_SBO_EST>
     <SYLANGU>E</SYLANGU>
     <PROJECT>ZOD_LS_WS_01</PROJECT>
     <NODE_UUID>AFBWvRKDHtuJm6GU83wNxg==</NODE_UUID>
    </_-IWBEP_-I_SBO_EST>
   </_-IWBEP_-I_SBO_EST>
   <_-IWBEP_-I_SBO_ET>
    <_-IWBEP_-I_SBO_ET>
     <PROJECT>ZOD_LS_WS_01</PROJECT>
     <NODE_UUID>AFBWvRKDHtuJm6GU83pNxg==</NODE_UUID>
     <NAME>spfli</NAME>
     <MODEL>AFBWvRKDHtuJm5jgqvbtuw==</MODEL>
     <REF_TYPE>T</REF_TYPE>
     <ABAP_STRUCT>SPFLI</ABAP_STRUCT>
     <TECH_NAME>SPFLI</TECH_NAME>
     <BASE_TYPE_XU>X</BASE_TYPE_XU>
     <FC_TARGET_PATHXU>X</FC_TARGET_PATHXU>
     <TXTR_XU>X</TXTR_XU>
     <DESCRIPTION_XU>X</DESCRIPTION_XU>
     <ET_LABEL_XU>X</ET_LABEL_XU>
    </_-IWBEP_-I_SBO_ET>
   </_-IWBEP_-I_SBO_ET>
   <_-IWBEP_-I_SBO_ETT>
    <_-IWBEP_-I_SBO_ETT>
     <SYLANGU>E</SYLANGU>
     <PROJECT>ZOD_LS_WS_01</PROJECT>
     <NODE_UUID>AFBWvRKDHtuJm6GU83pNxg==</NODE_UUID>
    </_-IWBEP_-I_SBO_ETT>
   </_-IWBEP_-I_SBO_ETT>
   <_-IWBEP_-I_SBO_PR>
    <_-IWBEP_-I_SBO_PR>
     <PROJECT>ZOD_LS_WS_01</PROJECT>
     <NODE_UUID>AFBWvRKDHtuJm6GU83qNxg==</NODE_UUID>
     <PARENT_UUID>AFBWvRKDHtuJm6GU83pNxg==</PARENT_UUID>
     <NAME>Carrid</NAME>
     <IS_KEY>X</IS_KEY>
     <MAX_LENGTH>3</MAX_LENGTH>
     <EDM_CORE_TYPE>Edm.String</EDM_CORE_TYPE>
     <REF_TYPE>T</REF_TYPE>
     <ABAP_FIELD>CARRID</ABAP_FIELD>
     <ABTY_XU>X</ABTY_XU>
     <SORT_ORDER>1</SORT_ORDER>
     <DESCRIPTION_XU>X</DESCRIPTION_XU>
    </_-IWBEP_-I_SBO_PR>
    <_-IWBEP_-I_SBO_PR>
     <PROJECT>ZOD_LS_WS_01</PROJECT>
     <NODE_UUID>AFBWvRKDHtuJm6GU83qtxg==</NODE_UUID>
     <PARENT_UUID>AFBWvRKDHtuJm6GU83pNxg==</PARENT_UUID>
     <NAME>Connid</NAME>
     <IS_KEY>X</IS_KEY>
     <MAX_LENGTH>4</MAX_LENGTH>
     <EDM_CORE_TYPE>Edm.String</EDM_CORE_TYPE>
     <REF_TYPE>T</REF_TYPE>
     <ABAP_FIELD>CONNID</ABAP_FIELD>
     <ABTY_XU>X</ABTY_XU>
     <SORT_ORDER>2</SORT_ORDER>
     <DESCRIPTION_XU>X</DESCRIPTION_XU>
    </_-IWBEP_-I_SBO_PR>
    <_-IWBEP_-I_SBO_PR>
     <PROJECT>ZOD_LS_WS_01</PROJECT>
     <NODE_UUID>AFBWvRKDHtuJm6GU83rNxg==</NODE_UUID>
     <PARENT_UUID>AFBWvRKDHtuJm6GU83pNxg==</PARENT_UUID>
     <NAME>Countryfr</NAME>
     <MAX_LENGTH>3</MAX_LENGTH>
     <EDM_CORE_TYPE>Edm.String</EDM_CORE_TYPE>
     <REF_TYPE>T</REF_TYPE>
     <ABAP_FIELD>COUNTRYFR</ABAP_FIELD>
     <AS_ETAG_XU>X</AS_ETAG_XU>
     <REQUIREFILTER_XU>X</REQUIREFILTER_XU>
     <UNIT_PROP_XU>X</UNIT_PROP_XU>
     <ABTY_XU>X</ABTY_XU>
     <SORT_ORDER>3</SORT_ORDER>
     <DESCRIPTION_XU>X</DESCRIPTION_XU>
    </_-IWBEP_-I_SBO_PR>
    <_-IWBEP_-I_SBO_PR>
     <PROJECT>ZOD_LS_WS_01</PROJECT>
     <NODE_UUID>AFBWvRKDHtuJm6GU83rtxg==</NODE_UUID>
     <PARENT_UUID>AFBWvRKDHtuJm6GU83pNxg==</PARENT_UUID>
     <NAME>Cityfrom</NAME>
     <MAX_LENGTH>20</MAX_LENGTH>
     <EDM_CORE_TYPE>Edm.String</EDM_CORE_TYPE>
     <REF_TYPE>T</REF_TYPE>
     <ABAP_FIELD>CITYFROM</ABAP_FIELD>
     <AS_ETAG_XU>X</AS_ETAG_XU>
     <REQUIREFILTER_XU>X</REQUIREFILTER_XU>
     <UNIT_PROP_XU>X</UNIT_PROP_XU>
     <ABTY_XU>X</ABTY_XU>
     <SORT_ORDER>4</SORT_ORDER>
     <DESCRIPTION_XU>X</DESCRIPTION_XU>
    </_-IWBEP_-I_SBO_PR>
    <_-IWBEP_-I_SBO_PR>
     <PROJECT>ZOD_LS_WS_01</PROJECT>
     <NODE_UUID>AFBWvRKDHtuJm6GU83sNxg==</NODE_UUID>
     <PARENT_UUID>AFBWvRKDHtuJm6GU83pNxg==</PARENT_UUID>
     <NAME>Airpfrom</NAME>
     <MAX_LENGTH>3</MAX_LENGTH>
     <EDM_CORE_TYPE>Edm.String</EDM_CORE_TYPE>
     <REF_TYPE>T</REF_TYPE>
     <ABAP_FIELD>AIRPFROM</ABAP_FIELD>
     <AS_ETAG_XU>X</AS_ETAG_XU>
     <REQUIREFILTER_XU>X</REQUIREFILTER_XU>
     <UNIT_PROP_XU>X</UNIT_PROP_XU>
     <ABTY_XU>X</ABTY_XU>
     <SORT_ORDER>5</SORT_ORDER>
     <DESCRIPTION_XU>X</DESCRIPTION_XU>
    </_-IWBEP_-I_SBO_PR>
    <_-IWBEP_-I_SBO_PR>
     <PROJECT>ZOD_LS_WS_01</PROJECT>
     <NODE_UUID>AFBWvRKDHtuJm6GU83stxg==</NODE_UUID>
     <PARENT_UUID>AFBWvRKDHtuJm6GU83pNxg==</PARENT_UUID>
     <NAME>Countryto</NAME>
     <MAX_LENGTH>3</MAX_LENGTH>
     <EDM_CORE_TYPE>Edm.String</EDM_CORE_TYPE>
     <REF_TYPE>T</REF_TYPE>
     <ABAP_FIELD>COUNTRYTO</ABAP_FIELD>
     <AS_ETAG_XU>X</AS_ETAG_XU>
     <REQUIREFILTER_XU>X</REQUIREFILTER_XU>
     <UNIT_PROP_XU>X</UNIT_PROP_XU>
     <ABTY_XU>X</ABTY_XU>
     <SORT_ORDER>6</SORT_ORDER>
     <DESCRIPTION_XU>X</DESCRIPTION_XU>
    </_-IWBEP_-I_SBO_PR>
    <_-IWBEP_-I_SBO_PR>
     <PROJECT>ZOD_LS_WS_01</PROJECT>
     <NODE_UUID>AFBWvRKDHtuJm6GU83tNxg==</NODE_UUID>
     <PARENT_UUID>AFBWvRKDHtuJm6GU83pNxg==</PARENT_UUID>
     <NAME>Cityto</NAME>
     <MAX_LENGTH>20</MAX_LENGTH>
     <EDM_CORE_TYPE>Edm.String</EDM_CORE_TYPE>
     <REF_TYPE>T</REF_TYPE>
     <ABAP_FIELD>CITYTO</ABAP_FIELD>
     <AS_ETAG_XU>X</AS_ETAG_XU>
     <REQUIREFILTER_XU>X</REQUIREFILTER_XU>
     <UNIT_PROP_XU>X</UNIT_PROP_XU>
     <ABTY_XU>X</ABTY_XU>
     <SORT_ORDER>7</SORT_ORDER>
     <DESCRIPTION_XU>X</DESCRIPTION_XU>
    </_-IWBEP_-I_SBO_PR>
    <_-IWBEP_-I_SBO_PR>
     <PROJECT>ZOD_LS_WS_01</PROJECT>
     <NODE_UUID>AFBWvRKDHtuJm6GU83ttxg==</NODE_UUID>
     <PARENT_UUID>AFBWvRKDHtuJm6GU83pNxg==</PARENT_UUID>
     <NAME>Airpto</NAME>
     <MAX_LENGTH>3</MAX_LENGTH>
     <EDM_CORE_TYPE>Edm.String</EDM_CORE_TYPE>
     <REF_TYPE>T</REF_TYPE>
     <ABAP_FIELD>AIRPTO</ABAP_FIELD>
     <AS_ETAG_XU>X</AS_ETAG_XU>
     <REQUIREFILTER_XU>X</REQUIREFILTER_XU>
     <UNIT_PROP_XU>X</UNIT_PROP_XU>
     <ABTY_XU>X</ABTY_XU>
     <SORT_ORDER>8</SORT_ORDER>
     <DESCRIPTION_XU>X</DESCRIPTION_XU>
    </_-IWBEP_-I_SBO_PR>
    <_-IWBEP_-I_SBO_PR>
     <PROJECT>ZOD_LS_WS_01</PROJECT>
     <NODE_UUID>AFBWvRKDHtuJm6GU83uNxg==</NODE_UUID>
     <PARENT_UUID>AFBWvRKDHtuJm6GU83pNxg==</PARENT_UUID>
     <NAME>Distance</NAME>
     <PROP_PRECISION>9</PROP_PRECISION>
     <SCALE>4</SCALE>
     <EDM_CORE_TYPE>Edm.Decimal</EDM_CORE_TYPE>
     <REF_TYPE>T</REF_TYPE>
     <ABAP_FIELD>DISTANCE</ABAP_FIELD>
     <AS_ETAG_XU>X</AS_ETAG_XU>
     <REQUIREFILTER_XU>X</REQUIREFILTER_XU>
     <UNIT_PROP_XU>X</UNIT_PROP_XU>
     <ABTY_XU>X</ABTY_XU>
     <SORT_ORDER>9</SORT_ORDER>
     <DESCRIPTION_XU>X</DESCRIPTION_XU>
    </_-IWBEP_-I_SBO_PR>
    <_-IWBEP_-I_SBO_PR>
     <PROJECT>ZOD_LS_WS_01</PROJECT>
     <NODE_UUID>AFBWvRKDHtuJm6GU83utxg==</NODE_UUID>
     <PARENT_UUID>AFBWvRKDHtuJm6GU83pNxg==</PARENT_UUID>
     <NAME>Distid</NAME>
     <MAX_LENGTH>3</MAX_LENGTH>
     <EDM_CORE_TYPE>Edm.String</EDM_CORE_TYPE>
     <REF_TYPE>T</REF_TYPE>
     <ABAP_FIELD>DISTID</ABAP_FIELD>
     <AS_ETAG_XU>X</AS_ETAG_XU>
     <REQUIREFILTER_XU>X</REQUIREFILTER_XU>
     <UNIT_PROP_XU>X</UNIT_PROP_XU>
     <ABTY_XU>X</ABTY_XU>
     <SORT_ORDER>10</SORT_ORDER>
     <DESCRIPTION_XU>X</DESCRIPTION_XU>
    </_-IWBEP_-I_SBO_PR>
    <_-IWBEP_-I_SBO_PR>
     <PROJECT>ZOD_LS_WS_01</PROJECT>
     <NODE_UUID>AFBWvRKDHtuJm6GU83vNxg==</NODE_UUID>
     <PARENT_UUID>AFBWvRKDHtuJm6GU83pNxg==</PARENT_UUID>
     <NAME>Fltype</NAME>
     <MAX_LENGTH>1</MAX_LENGTH>
     <EDM_CORE_TYPE>Edm.String</EDM_CORE_TYPE>
     <REF_TYPE>T</REF_TYPE>
     <ABAP_FIELD>FLTYPE</ABAP_FIELD>
     <AS_ETAG_XU>X</AS_ETAG_XU>
     <REQUIREFILTER_XU>X</REQUIREFILTER_XU>
     <UNIT_PROP_XU>X</UNIT_PROP_XU>
     <ABTY_XU>X</ABTY_XU>
     <SORT_ORDER>11</SORT_ORDER>
     <DESCRIPTION_XU>X</DESCRIPTION_XU>
    </_-IWBEP_-I_SBO_PR>
    <_-IWBEP_-I_SBO_PR>
     <PROJECT>ZOD_LS_WS_01</PROJECT>
     <NODE_UUID>AFBWvRKDHtuJm6GU83vtxg==</NODE_UUID>
     <PARENT_UUID>AFBWvRKDHtuJm6GU83pNxg==</PARENT_UUID>
     <NAME>Period</NAME>
     <EDM_CORE_TYPE>Edm.Byte</EDM_CORE_TYPE>
     <REF_TYPE>T</REF_TYPE>
     <ABAP_FIELD>PERIOD</ABAP_FIELD>
     <AS_ETAG_XU>X</AS_ETAG_XU>
     <REQUIREFILTER_XU>X</REQUIREFILTER_XU>
     <UNIT_PROP_XU>X</UNIT_PROP_XU>
     <ABTY_XU>X</ABTY_XU>
     <SORT_ORDER>12</SORT_ORDER>
     <DESCRIPTION_XU>X</DESCRIPTION_XU>
    </_-IWBEP_-I_SBO_PR>
   </_-IWBEP_-I_SBO_PR>
   <_-IWBEP_-I_SBO_PRT>
    <_-IWBEP_-I_SBO_PRT>
     <SYLANGU>E</SYLANGU>
     <PROJECT>ZOD_LS_WS_01</PROJECT>
     <NODE_UUID>AFBWvRKDHtuJm6GU83qNxg==</NODE_UUID>
     <PROP_LABEL>Airline</PROP_LABEL>
    </_-IWBEP_-I_SBO_PRT>
    <_-IWBEP_-I_SBO_PRT>
     <SYLANGU>E</SYLANGU>
     <PROJECT>ZOD_LS_WS_01</PROJECT>
     <NODE_UUID>AFBWvRKDHtuJm6GU83qtxg==</NODE_UUID>
     <PROP_LABEL>Flight Number</PROP_LABEL>
    </_-IWBEP_-I_SBO_PRT>
    <_-IWBEP_-I_SBO_PRT>
     <SYLANGU>E</SYLANGU>
     <PROJECT>ZOD_LS_WS_01</PROJECT>
     <NODE_UUID>AFBWvRKDHtuJm6GU83rNxg==</NODE_UUID>
     <PROP_LABEL>Country</PROP_LABEL>
    </_-IWBEP_-I_SBO_PRT>
    <_-IWBEP_-I_SBO_PRT>
     <SYLANGU>E</SYLANGU>
     <PROJECT>ZOD_LS_WS_01</PROJECT>
     <NODE_UUID>AFBWvRKDHtuJm6GU83rtxg==</NODE_UUID>
     <PROP_LABEL>Depart.city</PROP_LABEL>
    </_-IWBEP_-I_SBO_PRT>
    <_-IWBEP_-I_SBO_PRT>
     <SYLANGU>E</SYLANGU>
     <PROJECT>ZOD_LS_WS_01</PROJECT>
     <NODE_UUID>AFBWvRKDHtuJm6GU83sNxg==</NODE_UUID>
     <PROP_LABEL>Dep. airport</PROP_LABEL>
    </_-IWBEP_-I_SBO_PRT>
    <_-IWBEP_-I_SBO_PRT>
     <SYLANGU>E</SYLANGU>
     <PROJECT>ZOD_LS_WS_01</PROJECT>
     <NODE_UUID>AFBWvRKDHtuJm6GU83stxg==</NODE_UUID>
     <PROP_LABEL>Country</PROP_LABEL>
    </_-IWBEP_-I_SBO_PRT>
    <_-IWBEP_-I_SBO_PRT>
     <SYLANGU>E</SYLANGU>
     <PROJECT>ZOD_LS_WS_01</PROJECT>
     <NODE_UUID>AFBWvRKDHtuJm6GU83tNxg==</NODE_UUID>
     <PROP_LABEL>Arrival city</PROP_LABEL>
    </_-IWBEP_-I_SBO_PRT>
    <_-IWBEP_-I_SBO_PRT>
     <SYLANGU>E</SYLANGU>
     <PROJECT>ZOD_LS_WS_01</PROJECT>
     <NODE_UUID>AFBWvRKDHtuJm6GU83ttxg==</NODE_UUID>
     <PROP_LABEL>Dest. airport</PROP_LABEL>
    </_-IWBEP_-I_SBO_PRT>
    <_-IWBEP_-I_SBO_PRT>
     <SYLANGU>E</SYLANGU>
     <PROJECT>ZOD_LS_WS_01</PROJECT>
     <NODE_UUID>AFBWvRKDHtuJm6GU83uNxg==</NODE_UUID>
     <PROP_LABEL>Distance</PROP_LABEL>
    </_-IWBEP_-I_SBO_PRT>
    <_-IWBEP_-I_SBO_PRT>
     <SYLANGU>E</SYLANGU>
     <PROJECT>ZOD_LS_WS_01</PROJECT>
     <NODE_UUID>AFBWvRKDHtuJm6GU83utxg==</NODE_UUID>
     <PROP_LABEL>Distance in</PROP_LABEL>
    </_-IWBEP_-I_SBO_PRT>
    <_-IWBEP_-I_SBO_PRT>
     <SYLANGU>E</SYLANGU>
     <PROJECT>ZOD_LS_WS_01</PROJECT>
     <NODE_UUID>AFBWvRKDHtuJm6GU83vNxg==</NODE_UUID>
     <PROP_LABEL>Charter</PROP_LABEL>
    </_-IWBEP_-I_SBO_PRT>
    <_-IWBEP_-I_SBO_PRT>
     <SYLANGU>E</SYLANGU>
     <PROJECT>ZOD_LS_WS_01</PROJECT>
     <NODE_UUID>AFBWvRKDHtuJm6GU83vtxg==</NODE_UUID>
     <PROP_LABEL>n day(s) later</PROP_LABEL>
    </_-IWBEP_-I_SBO_PRT>
   </_-IWBEP_-I_SBO_PRT>
  </asx:values>
 </asx:abap>
</abapGit>
