﻿<?xml version="1.0" encoding="utf-8"?>
<abapGit version="v1.0.0" serializer="LCL_OBJECT_IWMO" serializer_version="v1.0.0">
 <asx:abap xmlns:asx="http://www.sap.com/abapxml" version="1.0">
  <asx:values>
   <_-IWBEP_-I_MGW_OHD>
    <_-IWBEP_-I_MGW_OHD>
     <TECHNICAL_NAME>ZPKAL010304_CDS_01_CDS</TECHNICAL_NAME>
     <VERSION>0001</VERSION>
     <CLASS_NAME>ZCL_ZPKAL010304_CDS_01</CLASS_NAME>
     <CREATED_BY>KALDEWEY</CREATED_BY>
     <CHANGED_BY>KALDEWEY</CHANGED_BY>
     <CHANGED_TIMESTMP>20201118102131</CHANGED_TIMESTMP>
    </_-IWBEP_-I_MGW_OHD>
   </_-IWBEP_-I_MGW_OHD>
   <_-IWBEP_-I_MGW_OHT>
    <_-IWBEP_-I_MGW_OHT>
     <TECHNICAL_NAME>ZPKAL010304_CDS_01_CDS</TECHNICAL_NAME>
     <VERSION>0001</VERSION>
     <LANGUAGE>E</LANGUAGE>
     <DESCRIPTION>cds - projection view</DESCRIPTION>
    </_-IWBEP_-I_MGW_OHT>
   </_-IWBEP_-I_MGW_OHT>
  </asx:values>
 </asx:abap>
</abapGit>
