﻿<?xml version="1.0" encoding="utf-8"?>
<abapGit version="v1.0.0" serializer="LCL_OBJECT_MSAG" serializer_version="v1.0.0">
 <asx:abap xmlns:asx="http://www.sap.com/abapxml" version="1.0">
  <asx:values>
   <T100A>
    <ARBGB>ZA4H_BOOK_DG</ARBGB>
    <MASTERLANG>E</MASTERLANG>
    <STEXT>Messages for data generator</STEXT>
   </T100A>
   <T100>
    <T100>
     <SPRSL>E</SPRSL>
     <ARBGB>ZA4H_BOOK_DG</ARBGB>
     <MSGNR>000</MSGNR>
     <TEXT>Internal Error: &amp;1</TEXT>
    </T100>
    <T100>
     <SPRSL>E</SPRSL>
     <ARBGB>ZA4H_BOOK_DG</ARBGB>
     <MSGNR>001</MSGNR>
     <TEXT>Starting mass data generation for flight data model</TEXT>
    </T100>
    <T100>
     <SPRSL>E</SPRSL>
     <ARBGB>ZA4H_BOOK_DG</ARBGB>
     <MSGNR>002</MSGNR>
     <TEXT>Mass data generation finished</TEXT>
    </T100>
    <T100>
     <SPRSL>E</SPRSL>
     <ARBGB>ZA4H_BOOK_DG</ARBGB>
     <MSGNR>003</MSGNR>
     <TEXT>Currency conversion from &amp;1 to &amp;2 failed</TEXT>
    </T100>
   </T100>
  </asx:values>
 </asx:abap>
</abapGit>
