﻿<?xml version="1.0" encoding="utf-8"?>
<abapGit version="v1.0.0" serializer="LCL_OBJECT_TABL" serializer_version="v1.0.0">
 <asx:abap xmlns:asx="http://www.sap.com/abapxml" version="1.0">
  <asx:values>
   <DD02V>
    <TABNAME>ZSBOOK_ROW</TABNAME>
    <DDLANGUAGE>E</DDLANGUAGE>
    <TABCLASS>TRANSP</TABCLASS>
    <CLIDEP>X</CLIDEP>
    <DDTEXT>Single Flight Booking</DDTEXT>
    <MASTERLANG>D</MASTERLANG>
    <MAINFLAG>X</MAINFLAG>
    <CONTFLAG>A</CONTFLAG>
    <EXCLASS>3</EXCLASS>
   </DD02V>
   <DD09L>
    <TABNAME>ZSBOOK_ROW</TABNAME>
    <AS4LOCAL>A</AS4LOCAL>
    <TABKAT>9</TABKAT>
    <TABART>APPL1</TABART>
    <BUFALLOW>N</BUFALLOW>
    <ROWORCOLST>R</ROWORCOLST>
   </DD09L>
   <DD03P_TABLE>
    <DD03P>
     <TABNAME>ZSBOOK_ROW</TABNAME>
     <FIELDNAME>MANDT</FIELDNAME>
     <POSITION>0001</POSITION>
     <KEYFLAG>X</KEYFLAG>
     <ROLLNAME>S_MANDT</ROLLNAME>
     <CHECKTABLE>T000</CHECKTABLE>
     <ADMINFIELD>0</ADMINFIELD>
     <NOTNULL>X</NOTNULL>
     <SHLPORIGIN>P</SHLPORIGIN>
     <COMPTYPE>E</COMPTYPE>
    </DD03P>
    <DD03P>
     <TABNAME>ZSBOOK_ROW</TABNAME>
     <FIELDNAME>CARRID</FIELDNAME>
     <POSITION>0002</POSITION>
     <KEYFLAG>X</KEYFLAG>
     <ROLLNAME>S_CARR_ID</ROLLNAME>
     <CHECKTABLE>SCARR</CHECKTABLE>
     <ADMINFIELD>0</ADMINFIELD>
     <NOTNULL>X</NOTNULL>
     <SHLPORIGIN>P</SHLPORIGIN>
     <SHLPNAME>S_CARRIER_ID</SHLPNAME>
     <SHLPFIELD>CARRID</SHLPFIELD>
     <COMPTYPE>E</COMPTYPE>
    </DD03P>
    <DD03P>
     <TABNAME>ZSBOOK_ROW</TABNAME>
     <FIELDNAME>CONNID</FIELDNAME>
     <POSITION>0003</POSITION>
     <KEYFLAG>X</KEYFLAG>
     <ROLLNAME>S_CONN_ID</ROLLNAME>
     <CHECKTABLE>SPFLI</CHECKTABLE>
     <ADMINFIELD>0</ADMINFIELD>
     <NOTNULL>X</NOTNULL>
     <SHLPORIGIN>P</SHLPORIGIN>
     <COMPTYPE>E</COMPTYPE>
    </DD03P>
    <DD03P>
     <TABNAME>ZSBOOK_ROW</TABNAME>
     <FIELDNAME>FLDATE</FIELDNAME>
     <POSITION>0004</POSITION>
     <KEYFLAG>X</KEYFLAG>
     <ROLLNAME>S_DATE</ROLLNAME>
     <CHECKTABLE>SFLIGHT</CHECKTABLE>
     <ADMINFIELD>0</ADMINFIELD>
     <NOTNULL>X</NOTNULL>
     <SHLPORIGIN>P</SHLPORIGIN>
     <COMPTYPE>E</COMPTYPE>
    </DD03P>
    <DD03P>
     <TABNAME>ZSBOOK_ROW</TABNAME>
     <FIELDNAME>BOOKID</FIELDNAME>
     <POSITION>0005</POSITION>
     <KEYFLAG>X</KEYFLAG>
     <ROLLNAME>S_BOOK_ID</ROLLNAME>
     <ADMINFIELD>0</ADMINFIELD>
     <NOTNULL>X</NOTNULL>
     <SHLPORIGIN>X</SHLPORIGIN>
     <COMPTYPE>E</COMPTYPE>
    </DD03P>
    <DD03P>
     <TABNAME>ZSBOOK_ROW</TABNAME>
     <FIELDNAME>CUSTOMID</FIELDNAME>
     <POSITION>0006</POSITION>
     <ROLLNAME>S_CUSTOMER</ROLLNAME>
     <CHECKTABLE>SCUSTOM</CHECKTABLE>
     <ADMINFIELD>0</ADMINFIELD>
     <NOTNULL>X</NOTNULL>
     <SHLPORIGIN>P</SHLPORIGIN>
     <COMPTYPE>E</COMPTYPE>
    </DD03P>
    <DD03P>
     <TABNAME>ZSBOOK_ROW</TABNAME>
     <FIELDNAME>CUSTTYPE</FIELDNAME>
     <POSITION>0007</POSITION>
     <ROLLNAME>S_CUSTTYPE</ROLLNAME>
     <ADMINFIELD>0</ADMINFIELD>
     <NOTNULL>X</NOTNULL>
     <VALEXI>X</VALEXI>
     <SHLPORIGIN>F</SHLPORIGIN>
     <COMPTYPE>E</COMPTYPE>
    </DD03P>
    <DD03P>
     <TABNAME>ZSBOOK_ROW</TABNAME>
     <FIELDNAME>SMOKER</FIELDNAME>
     <POSITION>0008</POSITION>
     <ROLLNAME>S_SMOKER</ROLLNAME>
     <ADMINFIELD>0</ADMINFIELD>
     <NOTNULL>X</NOTNULL>
     <VALEXI>X</VALEXI>
     <SHLPORIGIN>F</SHLPORIGIN>
     <COMPTYPE>E</COMPTYPE>
    </DD03P>
    <DD03P>
     <TABNAME>ZSBOOK_ROW</TABNAME>
     <FIELDNAME>LUGGWEIGHT</FIELDNAME>
     <POSITION>0009</POSITION>
     <ROLLNAME>S_LUGWEIGH</ROLLNAME>
     <ADMINFIELD>0</ADMINFIELD>
     <REFTABLE>ZSBOOK_ROW</REFTABLE>
     <REFFIELD>WUNIT</REFFIELD>
     <NOTNULL>X</NOTNULL>
     <COMPTYPE>E</COMPTYPE>
    </DD03P>
    <DD03P>
     <TABNAME>ZSBOOK_ROW</TABNAME>
     <FIELDNAME>WUNIT</FIELDNAME>
     <POSITION>0010</POSITION>
     <ROLLNAME>S_WEIUNIT</ROLLNAME>
     <CHECKTABLE>T006</CHECKTABLE>
     <ADMINFIELD>0</ADMINFIELD>
     <NOTNULL>X</NOTNULL>
     <SHLPORIGIN>P</SHLPORIGIN>
     <COMPTYPE>E</COMPTYPE>
    </DD03P>
    <DD03P>
     <TABNAME>ZSBOOK_ROW</TABNAME>
     <FIELDNAME>INVOICE</FIELDNAME>
     <POSITION>0011</POSITION>
     <ROLLNAME>S_INVFLAG</ROLLNAME>
     <ADMINFIELD>0</ADMINFIELD>
     <NOTNULL>X</NOTNULL>
     <VALEXI>X</VALEXI>
     <SHLPORIGIN>F</SHLPORIGIN>
     <COMPTYPE>E</COMPTYPE>
    </DD03P>
    <DD03P>
     <TABNAME>ZSBOOK_ROW</TABNAME>
     <FIELDNAME>CLASS</FIELDNAME>
     <POSITION>0012</POSITION>
     <ROLLNAME>S_CLASS</ROLLNAME>
     <ADMINFIELD>0</ADMINFIELD>
     <NOTNULL>X</NOTNULL>
     <VALEXI>X</VALEXI>
     <SHLPORIGIN>F</SHLPORIGIN>
     <COMPTYPE>E</COMPTYPE>
    </DD03P>
    <DD03P>
     <TABNAME>ZSBOOK_ROW</TABNAME>
     <FIELDNAME>FORCURAM</FIELDNAME>
     <POSITION>0013</POSITION>
     <ROLLNAME>S_F_CUR_PR</ROLLNAME>
     <ADMINFIELD>0</ADMINFIELD>
     <REFTABLE>ZSBOOK_ROW</REFTABLE>
     <REFFIELD>FORCURKEY</REFFIELD>
     <NOTNULL>X</NOTNULL>
     <COMPTYPE>E</COMPTYPE>
    </DD03P>
    <DD03P>
     <TABNAME>ZSBOOK_ROW</TABNAME>
     <FIELDNAME>FORCURKEY</FIELDNAME>
     <POSITION>0014</POSITION>
     <ROLLNAME>S_CURR</ROLLNAME>
     <CHECKTABLE>SCURX</CHECKTABLE>
     <ADMINFIELD>0</ADMINFIELD>
     <NOTNULL>X</NOTNULL>
     <SHLPORIGIN>P</SHLPORIGIN>
     <COMPTYPE>E</COMPTYPE>
    </DD03P>
    <DD03P>
     <TABNAME>ZSBOOK_ROW</TABNAME>
     <FIELDNAME>LOCCURAM</FIELDNAME>
     <POSITION>0015</POSITION>
     <ROLLNAME>S_L_CUR_PR</ROLLNAME>
     <ADMINFIELD>0</ADMINFIELD>
     <REFTABLE>ZSBOOK_ROW</REFTABLE>
     <REFFIELD>LOCCURKEY</REFFIELD>
     <NOTNULL>X</NOTNULL>
     <COMPTYPE>E</COMPTYPE>
    </DD03P>
    <DD03P>
     <TABNAME>ZSBOOK_ROW</TABNAME>
     <FIELDNAME>LOCCURKEY</FIELDNAME>
     <POSITION>0016</POSITION>
     <ROLLNAME>S_CURRCODE</ROLLNAME>
     <CHECKTABLE>SCURX</CHECKTABLE>
     <ADMINFIELD>0</ADMINFIELD>
     <NOTNULL>X</NOTNULL>
     <SHLPORIGIN>P</SHLPORIGIN>
     <COMPTYPE>E</COMPTYPE>
    </DD03P>
    <DD03P>
     <TABNAME>ZSBOOK_ROW</TABNAME>
     <FIELDNAME>ORDER_DATE</FIELDNAME>
     <POSITION>0017</POSITION>
     <ROLLNAME>S_BDATE</ROLLNAME>
     <ADMINFIELD>0</ADMINFIELD>
     <NOTNULL>X</NOTNULL>
     <SHLPORIGIN>T</SHLPORIGIN>
     <COMPTYPE>E</COMPTYPE>
    </DD03P>
    <DD03P>
     <TABNAME>ZSBOOK_ROW</TABNAME>
     <FIELDNAME>COUNTER</FIELDNAME>
     <POSITION>0018</POSITION>
     <ROLLNAME>S_COUNTNUM</ROLLNAME>
     <CHECKTABLE>SCOUNTER</CHECKTABLE>
     <ADMINFIELD>0</ADMINFIELD>
     <SHLPORIGIN>P</SHLPORIGIN>
     <COMPTYPE>E</COMPTYPE>
    </DD03P>
    <DD03P>
     <TABNAME>ZSBOOK_ROW</TABNAME>
     <FIELDNAME>AGENCYNUM</FIELDNAME>
     <POSITION>0019</POSITION>
     <ROLLNAME>S_AGNCYNUM</ROLLNAME>
     <CHECKTABLE>STRAVELAG</CHECKTABLE>
     <ADMINFIELD>0</ADMINFIELD>
     <SHLPORIGIN>P</SHLPORIGIN>
     <SHLPNAME>STRAVELAG_NAME_SIMPLE</SHLPNAME>
     <SHLPFIELD>AGENCYNUM</SHLPFIELD>
     <COMPTYPE>E</COMPTYPE>
    </DD03P>
    <DD03P>
     <TABNAME>ZSBOOK_ROW</TABNAME>
     <FIELDNAME>CANCELLED</FIELDNAME>
     <POSITION>0020</POSITION>
     <ROLLNAME>S_CANCEL</ROLLNAME>
     <ADMINFIELD>0</ADMINFIELD>
     <VALEXI>X</VALEXI>
     <SHLPORIGIN>F</SHLPORIGIN>
     <COMPTYPE>E</COMPTYPE>
    </DD03P>
    <DD03P>
     <TABNAME>ZSBOOK_ROW</TABNAME>
     <FIELDNAME>RESERVED</FIELDNAME>
     <POSITION>0021</POSITION>
     <ROLLNAME>S_RESERV</ROLLNAME>
     <ADMINFIELD>0</ADMINFIELD>
     <VALEXI>X</VALEXI>
     <SHLPORIGIN>F</SHLPORIGIN>
     <COMPTYPE>E</COMPTYPE>
    </DD03P>
    <DD03P>
     <TABNAME>ZSBOOK_ROW</TABNAME>
     <FIELDNAME>PASSNAME</FIELDNAME>
     <POSITION>0022</POSITION>
     <ROLLNAME>S_PASSNAME</ROLLNAME>
     <ADMINFIELD>0</ADMINFIELD>
     <COMPTYPE>E</COMPTYPE>
    </DD03P>
    <DD03P>
     <TABNAME>ZSBOOK_ROW</TABNAME>
     <FIELDNAME>PASSFORM</FIELDNAME>
     <POSITION>0023</POSITION>
     <ROLLNAME>S_FORM</ROLLNAME>
     <ADMINFIELD>0</ADMINFIELD>
     <COMPTYPE>E</COMPTYPE>
    </DD03P>
    <DD03P>
     <TABNAME>ZSBOOK_ROW</TABNAME>
     <FIELDNAME>PASSBIRTH</FIELDNAME>
     <POSITION>0024</POSITION>
     <ROLLNAME>S_BIRTHDAT</ROLLNAME>
     <ADMINFIELD>0</ADMINFIELD>
     <SHLPORIGIN>T</SHLPORIGIN>
     <COMPTYPE>E</COMPTYPE>
    </DD03P>
   </DD03P_TABLE>
   <DD05M_TABLE>
    <DD05M>
     <TABNAME>ZSBOOK_ROW</TABNAME>
     <FIELDNAME>AGENCYNUM</FIELDNAME>
     <FORTABLE>ZSBOOK_ROW</FORTABLE>
     <FORKEY>MANDT</FORKEY>
     <CHECKTABLE>STRAVELAG</CHECKTABLE>
     <CHECKFIELD>MANDT</CHECKFIELD>
     <PRIMPOS>0001</PRIMPOS>
     <DOMNAME>MANDT</DOMNAME>
     <DATATYPE>CLNT</DATATYPE>
     <LENG>000003</LENG>
    </DD05M>
    <DD05M>
     <TABNAME>ZSBOOK_ROW</TABNAME>
     <FIELDNAME>AGENCYNUM</FIELDNAME>
     <FORTABLE>ZSBOOK_ROW</FORTABLE>
     <FORKEY>AGENCYNUM</FORKEY>
     <CHECKTABLE>STRAVELAG</CHECKTABLE>
     <CHECKFIELD>AGENCYNUM</CHECKFIELD>
     <PRIMPOS>0002</PRIMPOS>
     <DOMNAME>S_BUSPANUM</DOMNAME>
     <DATATYPE>NUMC</DATATYPE>
     <LENG>000008</LENG>
    </DD05M>
    <DD05M>
     <TABNAME>ZSBOOK_ROW</TABNAME>
     <FIELDNAME>CARRID</FIELDNAME>
     <FORTABLE>ZSBOOK_ROW</FORTABLE>
     <FORKEY>MANDT</FORKEY>
     <CHECKTABLE>SCARR</CHECKTABLE>
     <CHECKFIELD>MANDT</CHECKFIELD>
     <PRIMPOS>0001</PRIMPOS>
     <DOMNAME>MANDT</DOMNAME>
     <DATATYPE>CLNT</DATATYPE>
     <LENG>000003</LENG>
    </DD05M>
    <DD05M>
     <TABNAME>ZSBOOK_ROW</TABNAME>
     <FIELDNAME>CARRID</FIELDNAME>
     <FORTABLE>ZSBOOK_ROW</FORTABLE>
     <FORKEY>CARRID</FORKEY>
     <CHECKTABLE>SCARR</CHECKTABLE>
     <CHECKFIELD>CARRID</CHECKFIELD>
     <PRIMPOS>0002</PRIMPOS>
     <DOMNAME>S_CARR_ID</DOMNAME>
     <DATATYPE>CHAR</DATATYPE>
     <LENG>000003</LENG>
    </DD05M>
    <DD05M>
     <TABNAME>ZSBOOK_ROW</TABNAME>
     <FIELDNAME>CONNID</FIELDNAME>
     <FORTABLE>ZSBOOK_ROW</FORTABLE>
     <FORKEY>MANDT</FORKEY>
     <CHECKTABLE>SPFLI</CHECKTABLE>
     <CHECKFIELD>MANDT</CHECKFIELD>
     <PRIMPOS>0001</PRIMPOS>
     <DOMNAME>MANDT</DOMNAME>
     <DATATYPE>CLNT</DATATYPE>
     <LENG>000003</LENG>
    </DD05M>
    <DD05M>
     <TABNAME>ZSBOOK_ROW</TABNAME>
     <FIELDNAME>CONNID</FIELDNAME>
     <FORTABLE>ZSBOOK_ROW</FORTABLE>
     <FORKEY>CARRID</FORKEY>
     <CHECKTABLE>SPFLI</CHECKTABLE>
     <CHECKFIELD>CARRID</CHECKFIELD>
     <PRIMPOS>0002</PRIMPOS>
     <DOMNAME>S_CARR_ID</DOMNAME>
     <DATATYPE>CHAR</DATATYPE>
     <LENG>000003</LENG>
    </DD05M>
    <DD05M>
     <TABNAME>ZSBOOK_ROW</TABNAME>
     <FIELDNAME>CONNID</FIELDNAME>
     <FORTABLE>ZSBOOK_ROW</FORTABLE>
     <FORKEY>CONNID</FORKEY>
     <CHECKTABLE>SPFLI</CHECKTABLE>
     <CHECKFIELD>CONNID</CHECKFIELD>
     <PRIMPOS>0003</PRIMPOS>
     <DOMNAME>S_CONN_ID</DOMNAME>
     <DATATYPE>NUMC</DATATYPE>
     <LENG>000004</LENG>
    </DD05M>
    <DD05M>
     <TABNAME>ZSBOOK_ROW</TABNAME>
     <FIELDNAME>COUNTER</FIELDNAME>
     <FORTABLE>ZSBOOK_ROW</FORTABLE>
     <FORKEY>MANDT</FORKEY>
     <CHECKTABLE>SCOUNTER</CHECKTABLE>
     <CHECKFIELD>MANDT</CHECKFIELD>
     <PRIMPOS>0001</PRIMPOS>
     <DOMNAME>MANDT</DOMNAME>
     <DATATYPE>CLNT</DATATYPE>
     <LENG>000003</LENG>
    </DD05M>
    <DD05M>
     <TABNAME>ZSBOOK_ROW</TABNAME>
     <FIELDNAME>COUNTER</FIELDNAME>
     <FORTABLE>ZSBOOK_ROW</FORTABLE>
     <FORKEY>CARRID</FORKEY>
     <CHECKTABLE>SCOUNTER</CHECKTABLE>
     <CHECKFIELD>CARRID</CHECKFIELD>
     <PRIMPOS>0002</PRIMPOS>
     <DOMNAME>S_CARR_ID</DOMNAME>
     <DATATYPE>CHAR</DATATYPE>
     <LENG>000003</LENG>
    </DD05M>
    <DD05M>
     <TABNAME>ZSBOOK_ROW</TABNAME>
     <FIELDNAME>COUNTER</FIELDNAME>
     <FORTABLE>ZSBOOK_ROW</FORTABLE>
     <FORKEY>COUNTER</FORKEY>
     <CHECKTABLE>SCOUNTER</CHECKTABLE>
     <CHECKFIELD>COUNTNUM</CHECKFIELD>
     <PRIMPOS>0003</PRIMPOS>
     <DOMNAME>S_COUNTNUM</DOMNAME>
     <DATATYPE>NUMC</DATATYPE>
     <LENG>000008</LENG>
    </DD05M>
    <DD05M>
     <TABNAME>ZSBOOK_ROW</TABNAME>
     <FIELDNAME>CUSTOMID</FIELDNAME>
     <FORTABLE>ZSBOOK_ROW</FORTABLE>
     <FORKEY>MANDT</FORKEY>
     <CHECKTABLE>SCUSTOM</CHECKTABLE>
     <CHECKFIELD>MANDT</CHECKFIELD>
     <PRIMPOS>0001</PRIMPOS>
     <DOMNAME>MANDT</DOMNAME>
     <DATATYPE>CLNT</DATATYPE>
     <LENG>000003</LENG>
    </DD05M>
    <DD05M>
     <TABNAME>ZSBOOK_ROW</TABNAME>
     <FIELDNAME>CUSTOMID</FIELDNAME>
     <FORTABLE>ZSBOOK_ROW</FORTABLE>
     <FORKEY>CUSTOMID</FORKEY>
     <CHECKTABLE>SCUSTOM</CHECKTABLE>
     <CHECKFIELD>ID</CHECKFIELD>
     <PRIMPOS>0002</PRIMPOS>
     <DOMNAME>S_BUSPANUM</DOMNAME>
     <DATATYPE>NUMC</DATATYPE>
     <LENG>000008</LENG>
    </DD05M>
    <DD05M>
     <TABNAME>ZSBOOK_ROW</TABNAME>
     <FIELDNAME>FLDATE</FIELDNAME>
     <FORTABLE>ZSBOOK_ROW</FORTABLE>
     <FORKEY>MANDT</FORKEY>
     <CHECKTABLE>SFLIGHT</CHECKTABLE>
     <CHECKFIELD>MANDT</CHECKFIELD>
     <PRIMPOS>0001</PRIMPOS>
     <DOMNAME>MANDT</DOMNAME>
     <DATATYPE>CLNT</DATATYPE>
     <LENG>000003</LENG>
    </DD05M>
    <DD05M>
     <TABNAME>ZSBOOK_ROW</TABNAME>
     <FIELDNAME>FLDATE</FIELDNAME>
     <FORTABLE>ZSBOOK_ROW</FORTABLE>
     <FORKEY>CARRID</FORKEY>
     <CHECKTABLE>SFLIGHT</CHECKTABLE>
     <CHECKFIELD>CARRID</CHECKFIELD>
     <PRIMPOS>0002</PRIMPOS>
     <DOMNAME>S_CARR_ID</DOMNAME>
     <DATATYPE>CHAR</DATATYPE>
     <LENG>000003</LENG>
    </DD05M>
    <DD05M>
     <TABNAME>ZSBOOK_ROW</TABNAME>
     <FIELDNAME>FLDATE</FIELDNAME>
     <FORTABLE>ZSBOOK_ROW</FORTABLE>
     <FORKEY>CONNID</FORKEY>
     <CHECKTABLE>SFLIGHT</CHECKTABLE>
     <CHECKFIELD>CONNID</CHECKFIELD>
     <PRIMPOS>0003</PRIMPOS>
     <DOMNAME>S_CONN_ID</DOMNAME>
     <DATATYPE>NUMC</DATATYPE>
     <LENG>000004</LENG>
    </DD05M>
    <DD05M>
     <TABNAME>ZSBOOK_ROW</TABNAME>
     <FIELDNAME>FLDATE</FIELDNAME>
     <FORTABLE>ZSBOOK_ROW</FORTABLE>
     <FORKEY>FLDATE</FORKEY>
     <CHECKTABLE>SFLIGHT</CHECKTABLE>
     <CHECKFIELD>FLDATE</CHECKFIELD>
     <PRIMPOS>0004</PRIMPOS>
     <DOMNAME>S_DATE</DOMNAME>
     <DATATYPE>DATS</DATATYPE>
     <LENG>000008</LENG>
    </DD05M>
    <DD05M>
     <TABNAME>ZSBOOK_ROW</TABNAME>
     <FIELDNAME>FORCURKEY</FIELDNAME>
     <FORTABLE>ZSBOOK_ROW</FORTABLE>
     <FORKEY>FORCURKEY</FORKEY>
     <CHECKTABLE>SCURX</CHECKTABLE>
     <CHECKFIELD>CURRKEY</CHECKFIELD>
     <PRIMPOS>0001</PRIMPOS>
     <DOMNAME>S_CURR</DOMNAME>
     <DATATYPE>CUKY</DATATYPE>
     <LENG>000005</LENG>
    </DD05M>
    <DD05M>
     <TABNAME>ZSBOOK_ROW</TABNAME>
     <FIELDNAME>LOCCURKEY</FIELDNAME>
     <FORTABLE>ZSBOOK_ROW</FORTABLE>
     <FORKEY>LOCCURKEY</FORKEY>
     <CHECKTABLE>SCURX</CHECKTABLE>
     <CHECKFIELD>CURRKEY</CHECKFIELD>
     <PRIMPOS>0001</PRIMPOS>
     <DOMNAME>S_CURR</DOMNAME>
     <DATATYPE>CUKY</DATATYPE>
     <LENG>000005</LENG>
    </DD05M>
    <DD05M>
     <TABNAME>ZSBOOK_ROW</TABNAME>
     <FIELDNAME>MANDT</FIELDNAME>
     <FORTABLE>ZSBOOK_ROW</FORTABLE>
     <FORKEY>MANDT</FORKEY>
     <CHECKTABLE>T000</CHECKTABLE>
     <CHECKFIELD>MANDT</CHECKFIELD>
     <PRIMPOS>0001</PRIMPOS>
     <DOMNAME>MANDT</DOMNAME>
     <DATATYPE>CLNT</DATATYPE>
     <LENG>000003</LENG>
    </DD05M>
    <DD05M>
     <TABNAME>ZSBOOK_ROW</TABNAME>
     <FIELDNAME>WUNIT</FIELDNAME>
     <FORTABLE>ZSBOOK_ROW</FORTABLE>
     <FORKEY>MANDT</FORKEY>
     <CHECKTABLE>T006</CHECKTABLE>
     <CHECKFIELD>MANDT</CHECKFIELD>
     <PRIMPOS>0001</PRIMPOS>
     <DOMNAME>MANDT</DOMNAME>
     <DATATYPE>CLNT</DATATYPE>
     <LENG>000003</LENG>
    </DD05M>
    <DD05M>
     <TABNAME>ZSBOOK_ROW</TABNAME>
     <FIELDNAME>WUNIT</FIELDNAME>
     <FORTABLE>ZSBOOK_ROW</FORTABLE>
     <FORKEY>WUNIT</FORKEY>
     <CHECKTABLE>T006</CHECKTABLE>
     <CHECKFIELD>MSEHI</CHECKFIELD>
     <PRIMPOS>0002</PRIMPOS>
     <DOMNAME>MEINS</DOMNAME>
     <DATATYPE>UNIT</DATATYPE>
     <LENG>000003</LENG>
    </DD05M>
   </DD05M_TABLE>
   <DD08V_TABLE>
    <DD08V>
     <TABNAME>ZSBOOK_ROW</TABNAME>
     <FIELDNAME>AGENCYNUM</FIELDNAME>
     <DDLANGUAGE>E</DDLANGUAGE>
     <CHECKTABLE>STRAVELAG</CHECKTABLE>
     <FRKART>REF</FRKART>
     <CARD>CN</CARD>
     <DDTEXT>Check Against Travel Agency</DDTEXT>
     <CARDLEFT>1</CARDLEFT>
    </DD08V>
    <DD08V>
     <TABNAME>ZSBOOK_ROW</TABNAME>
     <FIELDNAME>CARRID</FIELDNAME>
     <DDLANGUAGE>E</DDLANGUAGE>
     <CHECKTABLE>SCARR</CHECKTABLE>
     <FRKART>KEY</FRKART>
     <CARD>CN</CARD>
     <DDTEXT>Check Against Airline</DDTEXT>
     <CARDLEFT>1</CARDLEFT>
    </DD08V>
    <DD08V>
     <TABNAME>ZSBOOK_ROW</TABNAME>
     <FIELDNAME>CONNID</FIELDNAME>
     <DDLANGUAGE>E</DDLANGUAGE>
     <CHECKTABLE>SPFLI</CHECKTABLE>
     <DDTEXT>Check Against Flight Connection</DDTEXT>
    </DD08V>
    <DD08V>
     <TABNAME>ZSBOOK_ROW</TABNAME>
     <FIELDNAME>COUNTER</FIELDNAME>
     <DDLANGUAGE>E</DDLANGUAGE>
     <CHECKTABLE>SCOUNTER</CHECKTABLE>
     <FRKART>REF</FRKART>
     <CARD>CN</CARD>
     <DDTEXT>Check Against Sales Office</DDTEXT>
     <CARDLEFT>1</CARDLEFT>
    </DD08V>
    <DD08V>
     <TABNAME>ZSBOOK_ROW</TABNAME>
     <FIELDNAME>CUSTOMID</FIELDNAME>
     <DDLANGUAGE>E</DDLANGUAGE>
     <CHECKTABLE>SCUSTOM</CHECKTABLE>
     <FRKART>KEY</FRKART>
     <CARD>CN</CARD>
     <DDTEXT>Check against customer table</DDTEXT>
     <CARDLEFT>1</CARDLEFT>
    </DD08V>
    <DD08V>
     <TABNAME>ZSBOOK_ROW</TABNAME>
     <FIELDNAME>FLDATE</FIELDNAME>
     <DDLANGUAGE>E</DDLANGUAGE>
     <CHECKTABLE>SFLIGHT</CHECKTABLE>
     <FRKART>KEY</FRKART>
     <CARD>CN</CARD>
     <DDTEXT>Check Against Flights Table</DDTEXT>
     <CARDLEFT>1</CARDLEFT>
    </DD08V>
    <DD08V>
     <TABNAME>ZSBOOK_ROW</TABNAME>
     <FIELDNAME>FORCURKEY</FIELDNAME>
     <DDLANGUAGE>E</DDLANGUAGE>
     <CHECKTABLE>SCURX</CHECKTABLE>
     <FRKART>REF</FRKART>
     <CARD>CN</CARD>
     <CARDLEFT>1</CARDLEFT>
    </DD08V>
    <DD08V>
     <TABNAME>ZSBOOK_ROW</TABNAME>
     <FIELDNAME>LOCCURKEY</FIELDNAME>
     <DDLANGUAGE>E</DDLANGUAGE>
     <CHECKTABLE>SCURX</CHECKTABLE>
     <FRKART>REF</FRKART>
     <CARD>CN</CARD>
     <DDTEXT>Check Currency</DDTEXT>
     <CARDLEFT>1</CARDLEFT>
    </DD08V>
    <DD08V>
     <TABNAME>ZSBOOK_ROW</TABNAME>
     <FIELDNAME>MANDT</FIELDNAME>
     <DDLANGUAGE>E</DDLANGUAGE>
     <CHECKTABLE>T000</CHECKTABLE>
    </DD08V>
    <DD08V>
     <TABNAME>ZSBOOK_ROW</TABNAME>
     <FIELDNAME>WUNIT</FIELDNAME>
     <DDLANGUAGE>E</DDLANGUAGE>
     <CHECKTABLE>T006</CHECKTABLE>
     <DDTEXT>Check Against Units</DDTEXT>
    </DD08V>
   </DD08V_TABLE>
   <DD12V>
    <DD12V>
     <SQLTAB>ZSBOOK_ROW</SQLTAB>
     <INDEXNAME>ACY</INDEXNAME>
     <AS4LOCAL>A</AS4LOCAL>
     <DDLANGUAGE>E</DDLANGUAGE>
     <DBSTATE>D</DBSTATE>
     <DBINCLEXCL>E</DBINCLEXCL>
     <DBSYSSEL1>HDB</DBSYSSEL1>
     <DDTEXT>Index using travel agency number</DDTEXT>
    </DD12V>
    <DD12V>
     <SQLTAB>ZSBOOK_ROW</SQLTAB>
     <INDEXNAME>CUS</INDEXNAME>
     <AS4LOCAL>A</AS4LOCAL>
     <DDLANGUAGE>E</DDLANGUAGE>
     <DBSTATE>D</DBSTATE>
     <DBINCLEXCL>E</DBINCLEXCL>
     <DBSYSSEL1>HDB</DBSYSSEL1>
     <DDTEXT>Index using customer number</DDTEXT>
    </DD12V>
   </DD12V>
   <DD17V>
    <DD17V>
     <SQLTAB>ZSBOOK_ROW</SQLTAB>
     <INDEXNAME>ACY</INDEXNAME>
     <POSITION>0001</POSITION>
     <AS4LOCAL>A</AS4LOCAL>
     <FIELDNAME>MANDT</FIELDNAME>
    </DD17V>
    <DD17V>
     <SQLTAB>ZSBOOK_ROW</SQLTAB>
     <INDEXNAME>ACY</INDEXNAME>
     <POSITION>0002</POSITION>
     <AS4LOCAL>A</AS4LOCAL>
     <FIELDNAME>AGENCYNUM</FIELDNAME>
    </DD17V>
    <DD17V>
     <SQLTAB>ZSBOOK_ROW</SQLTAB>
     <INDEXNAME>CUS</INDEXNAME>
     <POSITION>0001</POSITION>
     <AS4LOCAL>A</AS4LOCAL>
     <FIELDNAME>MANDT</FIELDNAME>
    </DD17V>
    <DD17V>
     <SQLTAB>ZSBOOK_ROW</SQLTAB>
     <INDEXNAME>CUS</INDEXNAME>
     <POSITION>0002</POSITION>
     <AS4LOCAL>A</AS4LOCAL>
     <FIELDNAME>CUSTOMID</FIELDNAME>
    </DD17V>
   </DD17V>
   <DD35V_TALE>
    <DD35V>
     <TABNAME>ZSBOOK_ROW</TABNAME>
     <FIELDNAME>BOOKID</FIELDNAME>
     <SHLPNAME>SBOOK</SHLPNAME>
    </DD35V>
   </DD35V_TALE>
   <DD36M>
    <DD36M>
     <TABNAME>ZSBOOK_ROW</TABNAME>
     <FIELDNAME>BOOKID</FIELDNAME>
     <SHLPNAME>SBOOK</SHLPNAME>
     <SHLPFIELD>AGENCYNUM</SHLPFIELD>
     <FLPOSITION>0006</FLPOSITION>
     <SHTABLE>ZSBOOK_ROW</SHTABLE>
     <SHFIELD>AGENCYNUM</SHFIELD>
     <SHLPINPUT>X</SHLPINPUT>
     <SHLPOUTPUT>X</SHLPOUTPUT>
     <ROLLNAME>S_AGNCYNUM</ROLLNAME>
     <DOMNAME>S_BUSPANUM</DOMNAME>
     <DATATYPE>NUMC</DATATYPE>
     <LENG>000008</LENG>
    </DD36M>
    <DD36M>
     <TABNAME>ZSBOOK_ROW</TABNAME>
     <FIELDNAME>BOOKID</FIELDNAME>
     <SHLPNAME>SBOOK</SHLPNAME>
     <SHLPFIELD>BOOKID</SHLPFIELD>
     <FLPOSITION>0004</FLPOSITION>
     <SHTABLE>ZSBOOK_ROW</SHTABLE>
     <SHFIELD>BOOKID</SHFIELD>
     <SHLPOUTPUT>X</SHLPOUTPUT>
     <ROLLNAME>S_BOOK_ID</ROLLNAME>
     <DOMNAME>S_BOOK_ID</DOMNAME>
     <DATATYPE>NUMC</DATATYPE>
     <LENG>000008</LENG>
    </DD36M>
    <DD36M>
     <TABNAME>ZSBOOK_ROW</TABNAME>
     <FIELDNAME>BOOKID</FIELDNAME>
     <SHLPNAME>SBOOK</SHLPNAME>
     <SHLPFIELD>CARRID</SHLPFIELD>
     <FLPOSITION>0001</FLPOSITION>
     <SHTABLE>ZSBOOK_ROW</SHTABLE>
     <SHFIELD>CARRID</SHFIELD>
     <SHLPOUTPUT>X</SHLPOUTPUT>
     <ROLLNAME>S_CARR_ID</ROLLNAME>
     <DOMNAME>S_CARR_ID</DOMNAME>
     <DATATYPE>CHAR</DATATYPE>
     <LENG>000003</LENG>
    </DD36M>
    <DD36M>
     <TABNAME>ZSBOOK_ROW</TABNAME>
     <FIELDNAME>BOOKID</FIELDNAME>
     <SHLPNAME>SBOOK</SHLPNAME>
     <SHLPFIELD>CONNID</SHLPFIELD>
     <FLPOSITION>0002</FLPOSITION>
     <SHTABLE>ZSBOOK_ROW</SHTABLE>
     <SHFIELD>CONNID</SHFIELD>
     <SHLPOUTPUT>X</SHLPOUTPUT>
     <ROLLNAME>S_CONN_ID</ROLLNAME>
     <DOMNAME>S_CONN_ID</DOMNAME>
     <DATATYPE>NUMC</DATATYPE>
     <LENG>000004</LENG>
    </DD36M>
    <DD36M>
     <TABNAME>ZSBOOK_ROW</TABNAME>
     <FIELDNAME>BOOKID</FIELDNAME>
     <SHLPNAME>SBOOK</SHLPNAME>
     <SHLPFIELD>CUSTOMID</SHLPFIELD>
     <FLPOSITION>0005</FLPOSITION>
     <SHTABLE>ZSBOOK_ROW</SHTABLE>
     <SHFIELD>CUSTOMID</SHFIELD>
     <SHLPINPUT>X</SHLPINPUT>
     <SHLPOUTPUT>X</SHLPOUTPUT>
     <ROLLNAME>S_CUSTOMER</ROLLNAME>
     <DOMNAME>S_BUSPANUM</DOMNAME>
     <DATATYPE>NUMC</DATATYPE>
     <LENG>000008</LENG>
    </DD36M>
    <DD36M>
     <TABNAME>ZSBOOK_ROW</TABNAME>
     <FIELDNAME>BOOKID</FIELDNAME>
     <SHLPNAME>SBOOK</SHLPNAME>
     <SHLPFIELD>FLDATE</SHLPFIELD>
     <FLPOSITION>0003</FLPOSITION>
     <SHTABLE>ZSBOOK_ROW</SHTABLE>
     <SHFIELD>FLDATE</SHFIELD>
     <SHLPOUTPUT>X</SHLPOUTPUT>
     <ROLLNAME>S_DATE</ROLLNAME>
     <DOMNAME>S_DATE</DOMNAME>
     <DATATYPE>DATS</DATATYPE>
     <LENG>000008</LENG>
    </DD36M>
   </DD36M>
  </asx:values>
 </asx:abap>
</abapGit>
